code,level1,level2,level3,latitude,longitude
1100000000,서울특별시,,,37.5635694,126.9800083
1111000000,서울특별시,종로구,,37.5703778,126.9816417
1111051500,서울특별시,종로구,청운효자동,37.5841367,126.9706519
1111053000,서울특별시,종로구,사직동,37.5732694,126.9709556
1111054000,서울특별시,종로구,삼청동,37.5824250,126.9839778
1111055000,서울특별시,종로구,부암동,37.5898556,126.9664444
1111056000,서울특별시,종로구,평창동,37.6025222,126.9688778
1111057000,서울특별시,종로구,무악동,37.5715389,126.9612083
1111058000,서울특별시,종로구,교남동,37.5690750,126.9641000
1111060000,서울특별시,종로구,가회동,37.5772528,126.9869111
1111061500,서울특별시,종로구,종로1.2.3.4가동,37.5678861,126.9910667
1111063000,서울특별시,종로구,종로5.6가동,37.5692111,127.0071556
1111064000,서울특별시,종로구,이화동,37.5742139,127.0063972
1111065000,서울특별시,종로구,혜화동,37.5839889,127.0026222
1111067000,서울특별시,종로구,창신제1동,37.5679361,127.0184639
1111068000,서울특별시,종로구,창신제2동,37.5716444,127.0129639
1111069000,서울특별시,종로구,창신제3동,37.5750472,127.0171639
1111070000,서울특별시,종로구,숭인제1동,37.5750278,127.0176639
1111071000,서울특별시,종로구,숭인제2동,37.5720361,127.0220556
1114000000,서울특별시,중구,,37.5610028,126.9996417
1114052000,서울특별시,중구,소공동,37.5596306,126.9791083
1114054000,서울특별시,중구,회현동,37.5544833,126.9814444
1114055000,서울특별시,중구,명동,37.5572361,126.9878889
1114057000,서울특별시,중구,필동,37.5573528,126.9977111
1114058000,서울특별시,중구,장충동,37.5591167,127.0099333
1114059000,서울특별시,중구,광희동,37.5617306,127.0071639
1114060500,서울특별시,중구,을지로동,37.5639000,126.9934306
1114061500,서울특별시,중구,신당동,37.5593111,127.0166333
1114062500,서울특별시,중구,다산동,37.5516167,127.0103083
1114063500,서울특별시,중구,약수동,37.5496583,127.0110861
1114064500,서울특별시,중구,청구동,37.5542583,127.0167889
1114065000,서울특별시,중구,신당제5동,37.5623306,127.0239667
1114066500,서울특별시,중구,동화동,37.5572278,127.0215417
1114067000,서울특별시,중구,황학동,37.5646639,127.0234972
1114068000,서울특별시,중구,중림동,37.5520333,126.9666000
1117000000,서울특별시,용산구,,37.5360944,126.9675222
1117051000,서울특별시,용산구,후암동,37.5458806,126.9802667
1117052000,서울특별시,용산구,용산2가동,37.5431194,126.9875639
1117053000,서울특별시,용산구,남영동,37.5428333,126.9769667
1117055500,서울특별시,용산구,청파동,37.5425556,126.9720417
1117056000,서울특별시,용산구,원효로제1동,37.5358694,126.9683417
1117057000,서울특별시,용산구,원효로제2동,37.5315917,126.9535778
1117058000,서울특별시,용산구,효창동,37.5389528,126.9633972
1117059000,서울특별시,용산구,용문동,37.5362500,126.9596639
1117062500,서울특별시,용산구,한강로동,37.5262417,126.9715333
1117063000,서울특별시,용산구,이촌제1동,37.5184028,126.9753556
1117064000,서울특별시,용산구,이촌제2동,37.5240306,126.9563306
1117065000,서울특별시,용산구,이태원제1동,37.5294917,126.9970417
1117066000,서울특별시,용산구,이태원제2동,37.5379722,126.9918444
1117068500,서울특별시,용산구,한남동,37.5318861,127.0026444
1117069000,서울특별시,용산구,서빙고동,37.5176056,126.9967778
1117070000,서울특별시,용산구,보광동,37.5234639,127.0023333
1120000000,서울특별시,성동구,,37.5606111,127.0390000
1120052000,서울특별시,성동구,왕십리제2동,37.5583361,127.0327111
1120053500,서울특별시,성동구,왕십리도선동,37.5677544,127.0255591
1120054000,서울특별시,성동구,마장동,37.5634333,127.0475639
1120055000,서울특별시,성동구,사근동,37.5584056,127.0479556
1120056000,서울특별시,성동구,행당제1동,37.5553528,127.0380778
1120057000,서울특별시,성동구,행당제2동,37.5555750,127.0315333
1120058000,서울특별시,성동구,응봉동,37.5503472,127.0354972
1120059000,서울특별시,성동구,금호1가동,37.5520694,127.0239444
1120061500,서울특별시,성동구,금호2.3가동,37.5531880,127.0208590
1120062000,서울특별시,성동구,금호4가동,37.5444722,127.0244750
1120064500,서울특별시,성동구,옥수동,37.5437170,127.0134630
1120065000,서울특별시,성동구,성수1가제1동,37.5389583,127.0519861
1120066000,서울특별시,성동구,성수1가제2동,37.5435278,127.0463639
1120067000,서울특별시,성동구,성수2가제1동,37.5367028,127.0562000
1120069000,서울특별시,성동구,성수2가제3동,37.5454306,127.0573333
1120072000,서울특별시,성동구,송정동,37.5517278,127.0717083
1120079000,서울특별시,성동구,용답동,37.5613667,127.0574333
1121500000,서울특별시,광진구,,37.5357389,127.0845333
1121571000,서울특별시,광진구,화양동,37.5437861,127.0734639
1121573000,서울특별시,광진구,군자동,37.5523528,127.0779972
1121574000,서울특별시,광진구,중곡제1동,37.5578417,127.0821639
1121575000,서울특별시,광진구,중곡제2동,37.5574750,127.0835444
1121576000,서울특별시,광진구,중곡제3동,37.5659167,127.0822528
1121577000,서울특별시,광진구,중곡제4동,37.5625111,127.0893528
1121578000,서울특별시,광진구,능동,37.5510278,127.0826444
1121581000,서울특별시,광진구,광장동,37.5442139,127.1053083
1121582000,서울특별시,광진구,자양제1동,37.5316861,127.0844194
1121583000,서울특별시,광진구,자양제2동,37.5260000,127.0866000
1121584000,서울특별시,광진구,자양제3동,37.5310333,127.0750306
1121584700,서울특별시,광진구,자양제4동,37.5374861,127.0672528
1121585000,서울특별시,광진구,구의제1동,37.5396750,127.0878667
1121586000,서울특별시,광진구,구의제2동,37.5444389,127.0921083
1121587000,서울특별시,광진구,구의제3동,37.5361389,127.0996889
1123000000,서울특별시,동대문구,,37.5716250,127.0421417
1123051500,서울특별시,동대문구,신설동,37.5739660,127.0257363
1123053300,서울특별시,동대문구,용두동,37.5758032,127.0372470
1123054500,서울특별시,동대문구,제기동,37.5830767,127.0377843
1123056000,서울특별시,동대문구,전농제1동,37.5752111,127.0498667
1123057000,서울특별시,동대문구,전농제2동,37.5817028,127.0538639
1123060000,서울특별시,동대문구,답십리제1동,37.5692750,127.0542222
1123061000,서울특별시,동대문구,답십리제2동,37.5691528,127.0615750
1123065000,서울특별시,동대문구,장안제1동,37.5649861,127.0684778
1123066000,서울특별시,동대문구,장안제2동,37.5684083,127.0753083
1123070500,서울특별시,동대문구,청량리동,37.5862586,127.0472767
1123071000,서울특별시,동대문구,회기동,37.5880083,127.0574889
1123072000,서울특별시,동대문구,휘경제1동,37.5901583,127.0678194
1123073000,서울특별시,동대문구,휘경제2동,37.5884944,127.0696556
1123074000,서울특별시,동대문구,이문제1동,37.5950000,127.0676306
1123075000,서울특별시,동대문구,이문제2동,37.5917306,127.0586194
1126000000,서울특별시,중랑구,,37.6038056,127.0947778
1126052000,서울특별시,중랑구,면목제2동,37.5869833,127.0811333
1126054000,서울특별시,중랑구,면목제4동,37.5718167,127.0876222
1126055000,서울특별시,중랑구,면목제5동,37.5830472,127.0817222
1126056500,서울특별시,중랑구,면목본동,37.5845611,127.0896778
1126057000,서울특별시,중랑구,면목제7동,37.5762000,127.0890861
1126057500,서울특별시,중랑구,면목제3.8동,37.5802361,127.0902194
1126058000,서울특별시,중랑구,상봉제1동,37.5970278,127.0892889
1126059000,서울특별시,중랑구,상봉제2동,37.5896111,127.0853889
1126060000,서울특별시,중랑구,중화제1동,37.5983861,127.0827778
1126061000,서울특별시,중랑구,중화제2동,37.5922167,127.0770222
1126062000,서울특별시,중랑구,묵제1동,37.6096222,127.0805861
1126063000,서울특별시,중랑구,묵제2동,37.6067972,127.0781444
1126065500,서울특별시,중랑구,망우본동,37.5986917,127.1084639
1126066000,서울특별시,중랑구,망우제3동,37.5895778,127.1002667
1126068000,서울특별시,중랑구,신내1동,37.6030833,127.1015528
1126069000,서울특별시,중랑구,신내2동,37.6034306,127.0962750
1129000000,서울특별시,성북구,,37.5863833,127.0203333
1129052500,서울특별시,성북구,성북동,37.5874417,127.0060861
1129055500,서울특별시,성북구,삼선동,37.5828472,127.0095556
1129057500,서울특별시,성북구,동선동,37.5912778,127.0225083
1129058000,서울특별시,성북구,돈암제1동,37.6005083,127.0282889
1129059000,서울특별시,성북구,돈암제2동,37.5952556,127.0127111
1129060000,서울특별시,성북구,안암동,37.5830583,127.0234778
1129061000,서울특별시,성북구,보문동,37.5775889,127.0249000
1129062000,서울특별시,성북구,정릉제1동,37.5986417,127.0187417
1129063000,서울특별시,성북구,정릉제2동,37.6016667,127.0132417
1129064000,서울특별시,성북구,정릉제3동,37.6061667,127.0062889
1129065000,서울특별시,성북구,정릉제4동,37.6107861,127.0082083
1129066000,서울특별시,성북구,길음제1동,37.6017833,127.0241667
1129068500,서울특별시,성북구,길음제2동,37.6038500,127.0294000
1129070500,서울특별시,성북구,종암동,37.5973306,127.0335528
1129071500,서울특별시,성북구,월곡제1동,37.6042028,127.0361417
1129072500,서울특별시,성북구,월곡제2동,37.5999417,127.0416889
1129076000,서울특별시,성북구,장위제1동,37.6111917,127.0458556
1129077000,서울특별시,성북구,장위제2동,37.6096639,127.0567083
1129078000,서울특별시,성북구,장위제3동,37.6137722,127.0587222
1129081000,서울특별시,성북구,석관동,37.6101611,127.0635194
1130500000,서울특별시,강북구,,37.6369556,127.0277194
1130553400,서울특별시,강북구,삼양동,37.6244833,127.0205111
1130553500,서울특별시,강북구,미아동,37.6241361,127.0290194
1130554500,서울특별시,강북구,송중동,37.6133611,127.0358333
1130555500,서울특별시,강북구,송천동,37.6155167,127.0259556
1130557500,서울특별시,강북구,삼각산동,37.6144306,127.0198528
1130559500,서울특별시,강북구,번1동,37.6351583,127.0310194
1130560300,서울특별시,강북구,번2동,37.6293861,127.0409444
1130560800,서울특별시,강북구,번3동,37.6230944,127.0486889
1130561500,서울특별시,강북구,수유1동,37.6307333,127.0192972
1130562500,서울특별시,강북구,수유2동,37.6418806,127.0220417
1130563500,서울특별시,강북구,수유3동,37.6359722,127.0253194
1130564500,서울특별시,강북구,우이동,37.6451944,127.0140667
1130566000,서울특별시,강북구,인수동,37.6387333,127.0127667
1132000000,서울특별시,도봉구,,37.6658333,127.0495222
1132051100,서울특별시,도봉구,창제1동,37.6456472,127.0459972
1132051200,서울특별시,도봉구,창제2동,37.6387278,127.0377667
1132051300,서울특별시,도봉구,창제3동,37.6352694,127.0450083
1132051400,서울특별시,도봉구,창제4동,37.6493972,127.0536667
1132051500,서울특별시,도봉구,창제5동,37.6492139,127.0412972
1132052100,서울특별시,도봉구,도봉제1동,37.6758194,127.0455111
1132052200,서울특별시,도봉구,도봉제2동,37.6670000,127.0487083
1132066000,서울특별시,도봉구,쌍문제1동,37.6452472,127.0281778
1132067000,서울특별시,도봉구,쌍문제2동,37.6550806,127.0409111
1132068000,서울특별시,도봉구,쌍문제3동,37.6461944,127.0300889
1132068100,서울특별시,도봉구,쌍문제4동,37.6536250,127.0305444
1132069000,서울특별시,도봉구,방학제1동,37.6614333,127.0427667
1132070000,서울특별시,도봉구,방학제2동,37.6654361,127.0372222
1132071000,서울특별시,도봉구,방학제3동,37.6562278,127.0300778
1135000000,서울특별시,노원구,,37.6514611,127.0583889
1135056000,서울특별시,노원구,월계1동,37.6173194,127.0650889
1135057000,서울특별시,노원구,월계2동,37.6297611,127.0529972
1135058000,서울특별시,노원구,월계3동,37.6182056,127.0713306
1135059500,서울특별시,노원구,공릉1동,37.6247275,127.0737518
1135060000,서울특별시,노원구,공릉2동,37.6185694,127.0854417
1135061100,서울특별시,노원구,하계1동,37.6377833,127.0747306
1135061200,서울특별시,노원구,하계2동,37.6292500,127.0701111
1135061900,서울특별시,노원구,중계본동,37.6450722,127.0824556
1135062100,서울특별시,노원구,중계1동,37.6497861,127.0796639
1135062400,서울특별시,노원구,중계4동,37.6559667,127.0800889
1135062500,서울특별시,노원구,중계2.3동,37.6421829,127.0687126
1135063000,서울특별시,노원구,상계1동,37.6771028,127.0572111
1135064000,서울특별시,노원구,상계2동,37.6559750,127.0707083
1135066500,서울특별시,노원구,상계3.4동,37.6610000,127.0774667
1135067000,서울특별시,노원구,상계5동,37.6602194,127.0714861
1135069500,서울특별시,노원구,상계6.7동,37.6520889,127.0690667
1135070000,서울특별시,노원구,상계8동,37.6639444,127.0536667
1135071000,서울특별시,노원구,상계9동,37.6617111,127.0659556
1135072000,서울특별시,노원구,상계10동,37.6584333,127.0623667
1138000000,서울특별시,은평구,,37.5999694,126.9312417
1138051000,서울특별시,은평구,녹번동,37.5999611,126.9368444
1138052000,서울특별시,은평구,불광제1동,37.6075361,126.9341889
1138053000,서울특별시,은평구,불광제2동,37.6187944,126.9298194
1138055100,서울특별시,은평구,갈현제1동,37.6208972,126.9187889
1138055200,서울특별시,은평구,갈현제2동,37.6157667,126.9178889
1138056000,서울특별시,은평구,구산동,37.6090194,126.9125000
1138057000,서울특별시,은평구,대조동,37.6113389,126.9228889
1138058000,서울특별시,은평구,응암제1동,37.5979111,126.9288639
1138059000,서울특별시,은평구,응암제2동,37.5918167,126.9251306
1138060000,서울특별시,은평구,응암제3동,37.5893861,126.9178417
1138062500,서울특별시,은평구,역촌동,37.6016194,126.9172778
1138063100,서울특별시,은평구,신사제1동,37.5952194,126.9143861
1138063200,서울특별시,은평구,신사제2동,37.5893333,126.9148333
1138064000,서울특별시,은평구,증산동,37.5815306,126.9092222
1138065000,서울특별시,은평구,수색동,37.5813583,126.8996417
1138069000,서울특별시,은평구,진관동,37.6356000,126.9211111
1141000000,서울특별시,서대문구,,37.5763667,126.9388972
1141052000,서울특별시,서대문구,천연동,37.5683028,126.9611750
1141055500,서울특별시,서대문구,북아현동,37.5568694,126.9589111
1141056500,서울특별시,서대문구,충현동,37.5620611,126.9568444
1141058500,서울특별시,서대문구,신촌동,37.5567389,126.9455861
1141061500,서울특별시,서대문구,연희동,37.5711222,126.9373528
1141062000,서울특별시,서대문구,홍제제1동,37.5849000,126.9469861
1141064000,서울특별시,서대문구,홍제제3동,37.5924444,126.9511667
1141065500,서울특별시,서대문구,홍제제2동,37.5833389,126.9514667
1141066000,서울특별시,서대문구,홍은제1동,37.5904306,126.9459556
1141068500,서울특별시,서대문구,홍은제2동,37.5801583,126.9384861
1141069000,서울특별시,서대문구,남가좌제1동,37.5711944,126.9155778
1141070000,서울특별시,서대문구,남가좌제2동,37.5756278,126.9259111
1141071000,서울특별시,서대문구,북가좌제1동,37.5767111,126.9089778
1141072000,서울특별시,서대문구,북가좌제2동,37.5786028,126.9132194
1144000000,서울특별시,마포구,,37.5607056,126.9105306
1144055500,서울특별시,마포구,아현동,37.5443444,126.9542222
1144056500,서울특별시,마포구,공덕동,37.5474417,126.9620889
1144058500,서울특별시,마포구,도화동,37.5349000,126.9521306
1144059000,서울특별시,마포구,용강동,37.5392472,126.9437333
1144060000,서울특별시,마포구,대흥동,37.5530500,126.9448111
1144061000,서울특별시,마포구,염리동,37.5443861,126.9477194
1144063000,서울특별시,마포구,신수동,37.5440667,126.9366417
1144065500,서울특별시,마포구,서강동,37.5444472,126.9341556
1144066000,서울특별시,마포구,서교동,37.5496556,126.9229750
1144068000,서울특별시,마포구,합정동,37.5467222,126.9077528
1144069000,서울특별시,마포구,망원제1동,37.5524333,126.9077667
1144070000,서울특별시,마포구,망원제2동,37.5575639,126.9043111
1144071000,서울특별시,마포구,연남동,37.5616944,126.9240667
1144072000,서울특별시,마포구,성산제1동,37.5605833,126.9100222
1144073000,서울특별시,마포구,성산제2동,37.5659306,126.9111528
1144074000,서울특별시,마포구,상암동,37.5755139,126.8968111
1147000000,서울특별시,양천구,,37.5142306,126.8687083
1147051000,서울특별시,양천구,목1동,37.5275389,126.8732333
1147052000,서울특별시,양천구,목2동,37.5433528,126.8738083
1147053000,서울특별시,양천구,목3동,37.5420972,126.8666000
1147054000,서울특별시,양천구,목4동,37.5295333,126.8704972
1147055000,서울특별시,양천구,목5동,37.5324167,126.8807528
1147056000,서울특별시,양천구,신월1동,37.5300056,126.8336000
1147057000,서울특별시,양천구,신월2동,37.5221722,126.8465861
1147058000,서울특별시,양천구,신월3동,37.5308472,126.8311750
1147059000,서울특별시,양천구,신월4동,37.5219056,126.8421556
1147060000,서울특별시,양천구,신월5동,37.5368889,126.8294444
1147061000,서울특별시,양천구,신월6동,37.5133028,126.8457667
1147061100,서울특별시,양천구,신월7동,37.5190917,126.8367639
1147062000,서울특별시,양천구,신정1동,37.5157306,126.8563972
1147063000,서울특별시,양천구,신정2동,37.5164083,126.8726972
1147064000,서울특별시,양천구,신정3동,37.5123361,126.8568861
1147065000,서울특별시,양천구,신정4동,37.5206361,126.8608000
1147067000,서울특별시,양천구,신정6동,37.5142472,126.8664861
1147068000,서울특별시,양천구,신정7동,37.5116000,126.8617556
1150000000,서울특별시,강서구,,37.5481556,126.8516750
1150051000,서울특별시,강서구,염창동,37.5510444,126.8730444
1150052000,서울특별시,강서구,등촌제1동,37.5530667,126.8609972
1150053000,서울특별시,강서구,등촌제2동,37.5398528,126.8645972
1150053500,서울특별시,강서구,등촌제3동,37.5560944,126.8500083
1150054000,서울특별시,강서구,화곡제1동,37.5277444,126.8437417
1150055000,서울특별시,강서구,화곡제2동,37.5287889,126.8567444
1150056000,서울특별시,강서구,화곡제3동,37.5399417,126.8404639
1150057000,서울특별시,강서구,화곡제4동,37.5301333,126.8652333
1150059000,서울특별시,강서구,화곡본동,37.5412444,126.8497528
1150059100,서울특별시,강서구,화곡제6동,37.5489944,126.8522444
1150059300,서울특별시,강서구,화곡제8동,37.5298917,126.8504222
1150060300,서울특별시,강서구,가양제1동,37.5664778,126.8426639
1150060400,서울특별시,강서구,가양제2동,37.5646056,126.8533639
1150060500,서울특별시,강서구,가양제3동,37.5582750,126.8626861
1150061100,서울특별시,강서구,발산제1동,37.5502694,126.8352444
1150061500,서울특별시,강서구,우장산동,37.5482468,126.8418849
1150062000,서울특별시,강서구,공항동,37.5561056,126.8121639
1150063000,서울특별시,강서구,방화제1동,37.5687722,126.8143111
1150064000,서울특별시,강서구,방화제2동,37.5638750,126.8088306
1150064100,서울특별시,강서구,방화제3동,37.5759417,126.8160194
1153000000,서울특별시,구로구,,37.4926500,126.8895972
1153051000,서울특별시,구로구,신도림동,37.5049778,126.8826528
1153052000,서울특별시,구로구,구로제1동,37.4902028,126.8778556
1153053000,서울특별시,구로구,구로제2동,37.4886028,126.8856667
1153054000,서울특별시,구로구,구로제3동,37.4830556,126.8956861
1153055000,서울특별시,구로구,구로제4동,37.4888306,126.8912222
1153056000,서울특별시,구로구,구로제5동,37.4972778,126.8913778
1153059500,서울특별시,구로구,가리봉동,37.4779806,126.8919861
1153072000,서울특별시,구로구,고척제1동,37.4976083,126.8648000
1153073000,서울특별시,구로구,고척제2동,37.5037778,126.8604306
1153074000,서울특별시,구로구,개봉제1동,37.4993861,126.8492639
1153075000,서울특별시,구로구,개봉제2동,37.4880250,126.8586194
1153076000,서울특별시,구로구,개봉제3동,37.4831722,126.8558889
1153077000,서울특별시,구로구,오류제1동,37.4942472,126.8470889
1153078000,서울특별시,구로구,오류제2동,37.4859917,126.8416083
1153079000,서울특별시,구로구,수궁동,37.4911056,126.8335667
1153080000,서울특별시,구로구,항동,37.4821740,126.8107155
1154500000,서울특별시,금천구,,37.4491083,126.9041972
1154551000,서울특별시,금천구,가산동,37.4741250,126.8938083
1154561000,서울특별시,금천구,독산제1동,37.4674583,126.8991000
1154562000,서울특별시,금천구,독산제2동,37.4632944,126.9018444
1154563000,서울특별시,금천구,독산제3동,37.4737889,126.9099889
1154564000,서울특별시,금천구,독산제4동,37.4646556,126.9042222
1154567000,서울특별시,금천구,시흥제1동,37.4521472,126.8994194
1154568000,서울특별시,금천구,시흥제2동,37.4472917,126.9188306
1154569000,서울특별시,금천구,시흥제3동,37.4375194,126.9079750
1154570000,서울특별시,금천구,시흥제4동,37.4561750,126.9082417
1154571000,서울특별시,금천구,시흥제5동,37.4495861,126.9104083
1156000000,서울특별시,영등포구,,37.5236111,126.8983417
1156051500,서울특별시,영등포구,영등포본동,37.5146826,126.9093046
1156053500,서울특별시,영등포구,영등포동,37.5203985,126.9106910
1156054000,서울특별시,영등포구,여의동,37.5148889,126.9367556
1156055000,서울특별시,영등포구,당산제1동,37.5221583,126.8995222
1156056000,서울특별시,영등포구,당산제2동,37.5319389,126.9042444
1156058500,서울특별시,영등포구,도림동,37.5094750,126.8959500
1156060500,서울특별시,영등포구,문래동,37.5170965,126.8995421
1156061000,서울특별시,영등포구,양평제1동,37.5208472,126.8902861
1156062000,서울특별시,영등포구,양평제2동,37.5350000,126.8980222
1156063000,서울특별시,영등포구,신길제1동,37.5081722,126.9234778
1156065000,서울특별시,영등포구,신길제3동,37.5046222,126.9099194
1156066000,서울특별시,영등포구,신길제4동,37.5056722,126.9133750
1156067000,서울특별시,영등포구,신길제5동,37.4988222,126.9073444
1156068000,서울특별시,영등포구,신길제6동,37.4965639,126.9119444
1156069000,서울특별시,영등포구,신길제7동,37.5036556,126.9234778
1156070000,서울특별시,영등포구,대림제1동,37.4925889,126.9079639
1156071000,서울특별시,영등포구,대림제2동,37.4899250,126.9003556
1156072000,서울특별시,영등포구,대림제3동,37.4954861,126.9002111
1159000000,서울특별시,동작구,,37.5096556,126.9415750
1159051000,서울특별시,동작구,노량진제1동,37.5094806,126.9440861
1159052000,서울특별시,동작구,노량진제2동,37.5057333,126.9393861
1159053000,서울특별시,동작구,상도제1동,37.5040500,126.9530222
1159054000,서울특별시,동작구,상도제2동,37.5026417,126.9444000
1159055000,서울특별시,동작구,상도제3동,37.4963667,126.9333889
1159056000,서울특별시,동작구,상도제4동,37.4977778,126.9398750
1159060500,서울특별시,동작구,흑석동,37.5067389,126.9626111
1159062000,서울특별시,동작구,사당제1동,37.4736111,126.9757333
1159063000,서울특별시,동작구,사당제2동,37.4856194,126.9795083
1159064000,서울특별시,동작구,사당제3동,37.4838250,126.9740861
1159065000,서울특별시,동작구,사당제4동,37.4781861,126.9737222
1159065100,서울특별시,동작구,사당제5동,37.4827972,126.9691083
1159066000,서울특별시,동작구,대방동,37.5053306,126.9284444
1159067000,서울특별시,동작구,신대방제1동,37.4861500,126.9121083
1159068000,서울특별시,동작구,신대방제2동,37.4961222,126.9279750
1162000000,서울특별시,관악구,,37.4753861,126.9538444
1162052500,서울특별시,관악구,보라매동,37.4853056,126.9348861
1162054500,서울특별시,관악구,청림동,37.4890389,126.9606667
1162056500,서울특별시,관악구,성현동,37.4896244,126.9481357
1162057500,서울특별시,관악구,행운동,37.4778833,126.9590333
1162058500,서울특별시,관악구,낙성대동,37.4735000,126.9604889
1162059500,서울특별시,관악구,청룡동,37.4791510,126.9415500
1162060500,서울특별시,관악구,은천동,37.4853086,126.9424278
1162061500,서울특별시,관악구,중앙동,37.4814417,126.9517556
1162062500,서울특별시,관악구,인헌동,37.4723056,126.9673750
1162063000,서울특별시,관악구,남현동,37.4717889,126.9799556
1162064500,서울특별시,관악구,서원동,37.4797346,126.9313000
1162065500,서울특별시,관악구,신원동,37.4787778,126.9294194
1162066500,서울특별시,관악구,서림동,37.4721639,126.9370556
1162068500,서울특별시,관악구,신사동,37.4854118,126.9180796
1162069500,서울특별시,관악구,신림동,37.4874260,126.9270750
1162071500,서울특별시,관악구,난향동,37.4614290,126.9188420
1162072500,서울특별시,관악구,조원동,37.4826299,126.9078649
1162073500,서울특별시,관악구,대학동,37.4706145,126.9369907
1162074500,서울특별시,관악구,삼성동,37.4701010,126.9329630
1162076500,서울특별시,관악구,미성동,37.4761761,126.9155534
1162077500,서울특별시,관악구,난곡동,37.4709634,126.9216507
1165000000,서울특별시,서초구,,37.4807861,127.0348111
1165051000,서울특별시,서초구,서초1동,37.4860000,127.0211111
1165052000,서울특별시,서초구,서초2동,37.4892500,127.0269111
1165053000,서울특별시,서초구,서초3동,37.4807833,127.0145667
1165053100,서울특별시,서초구,서초4동,37.4998556,127.0242222
1165054000,서울특별시,서초구,잠원동,37.5120889,127.0160528
1165055000,서울특별시,서초구,반포본동,37.4976500,126.9881333
1165056000,서울특별시,서초구,반포1동,37.5033194,127.0144667
1165057000,서울특별시,서초구,반포2동,37.5017833,126.9965750
1165058000,서울특별시,서초구,반포3동,37.5091722,127.0077528
1165058100,서울특별시,서초구,반포4동,37.4947583,127.0024417
1165059000,서울특별시,서초구,방배본동,37.4914444,126.9908333
1165060000,서울특별시,서초구,방배1동,37.4805583,126.9966083
1165061000,서울특별시,서초구,방배2동,37.4769667,126.9876111
1165062000,서울특별시,서초구,방배3동,37.4775389,127.0011333
1165062100,서울특별시,서초구,방배4동,37.4868167,126.9933222
1165065100,서울특별시,서초구,양재1동,37.4816361,127.0381528
1165065200,서울특별시,서초구,양재2동,37.4677806,127.0431444
1165066000,서울특별시,서초구,내곡동,37.4591444,127.0534111
1168000000,서울특별시,강남구,,37.5145750,127.0495556
1168051000,서울특별시,강남구,신사동,37.5213389,127.0250222
1168052100,서울특별시,강남구,논현1동,37.5087889,127.0305111
1168053100,서울특별시,강남구,논현2동,37.5144361,127.0392889
1168054500,서울특별시,강남구,압구정동,37.5306420,127.0307130
1168056500,서울특별시,강남구,청담동,37.5251083,127.0493000
1168058000,서울특별시,강남구,삼성1동,37.5090417,127.0575306
1168059000,서울특별시,강남구,삼성2동,37.5083889,127.0480861
1168060000,서울특별시,강남구,대치1동,37.4905056,127.0638556
1168061000,서울특별시,강남구,대치2동,37.4971111,127.0690194
1168063000,서울특별시,강남구,대치4동,37.4969639,127.0598528
1168064000,서울특별시,강남구,역삼1동,37.4925833,127.0351444
1168065000,서울특별시,강남구,역삼2동,37.4932472,127.0488556
1168065500,서울특별시,강남구,도곡1동,37.4880667,127.0404972
1168065600,서울특별시,강남구,도곡2동,37.4798639,127.0454000
1168066000,서울특별시,강남구,개포1동,37.4790972,127.0595556
1168067000,서울특별시,강남구,개포2동,37.4851750,127.0757417
1168067500,서울특별시,강남구,개포3동,37.4921439,127.0736730
1168069000,서울특별시,강남구,개포4동,37.4760278,127.0537333
1168070000,서울특별시,강남구,세곡동,37.4663667,127.1093639
1168072000,서울특별시,강남구,일원본동,37.4805333,127.0886000
1168073000,서울특별시,강남구,일원1동,37.4890583,127.0901306
1168075000,서울특별시,강남구,수서동,37.4860278,127.1070000
1171000000,서울특별시,송파구,,37.5117556,127.1079306
1171051000,서울특별시,송파구,풍납1동,37.5352472,127.1242444
1171052000,서울특별시,송파구,풍납2동,37.5259500,127.1188639
1171053100,서울특별시,송파구,거여1동,37.4941083,127.1454083
1171053200,서울특별시,송파구,거여2동,37.4906861,127.1490000
1171054000,서울특별시,송파구,마천1동,37.4932222,127.1520889
1171055000,서울특별시,송파구,마천2동,37.4940750,127.1506778
1171056100,서울특별시,송파구,방이1동,37.5081472,127.1260111
1171056200,서울특별시,송파구,방이2동,37.5117556,127.1165333
1171056600,서울특별시,송파구,오륜동,37.5125889,127.1365000
1171057000,서울특별시,송파구,오금동,37.5001500,127.1302444
1171058000,서울특별시,송파구,송파1동,37.5031306,127.1118194
1171059000,서울특별시,송파구,송파2동,37.4994361,127.1189111
1171060000,서울특별시,송파구,석촌동,37.5007750,127.1057528
1171061000,서울특별시,송파구,삼전동,37.4999778,127.0946417
1171062000,서울특별시,송파구,가락본동,37.4927722,127.1239111
1171063100,서울특별시,송파구,가락1동,37.4937500,127.1076861
1171063200,서울특별시,송파구,가락2동,37.4958444,127.1286417
1171064100,서울특별시,송파구,문정1동,37.4871917,127.1262000
1171064200,서울특별시,송파구,문정2동,37.4870528,127.1130639
1171064600,서울특별시,송파구,장지동,37.4841361,127.1345333
1171064700,서울특별시,송파구,위례동,37.4791657,127.1414918
1171065000,서울특별시,송파구,잠실본동,37.5033556,127.0864194
1171067000,서울특별시,송파구,잠실2동,37.5119139,127.0899750
1171068000,서울특별시,송파구,잠실3동,37.5044889,127.0964111
1171069000,서울특별시,송파구,잠실4동,37.5164444,127.1100556
1171071000,서울특별시,송파구,잠실6동,37.5153833,127.1026528
1171072000,서울특별시,송파구,잠실7동,37.5058611,127.0791333
1174000000,서울특별시,강동구,,37.5273667,127.1258639
1174051500,서울특별시,강동구,강일동,37.5667139,127.1804000
1174052500,서울특별시,강동구,상일제1동,37.5506000,127.1683000
1174052600,서울특별시,강동구,상일제2동,37.5500000,127.1759000
1174053000,서울특별시,강동구,명일제1동,37.5469639,127.1480222
1174054000,서울특별시,강동구,명일제2동,37.5435528,127.1534444
1174055000,서울특별시,강동구,고덕제1동,37.5562444,127.1510194
1174056000,서울특별시,강동구,고덕제2동,37.5577139,127.1664861
1174057000,서울특별시,강동구,암사제1동,37.5487167,127.1347639
1174058000,서울특별시,강동구,암사제2동,37.5489611,127.1293528
1174059000,서울특별시,강동구,암사제3동,37.5523722,127.1403750
1174060000,서울특별시,강동구,천호제1동,37.5423028,127.1388778
1174061000,서울특별시,강동구,천호제2동,37.5397861,127.1229083
1174062000,서울특별시,강동구,천호제3동,37.5369722,127.1319667
1174064000,서울특별시,강동구,성내제1동,37.5278472,127.1260306
1174065000,서울특별시,강동구,성내제2동,37.5296028,127.1315861
1174066000,서울특별시,강동구,성내제3동,37.5233722,127.1348861
1174068500,서울특별시,강동구,길동,37.5392169,127.1461684
1174069000,서울특별시,강동구,둔촌제1동,37.5207500,127.1388306
1174070000,서울특별시,강동구,둔촌제2동,37.5305500,127.1440194
1200000000,전남광주통합특별시,,,34.8130444,126.4650000
1211000000,전남광주통합특별시,목포시,,34.8087889,126.3944194
1211051000,전남광주통합특별시,목포시,용당1동,34.8013583,126.3954750
1211052000,전남광주통합특별시,목포시,용당2동,34.8016111,126.3999333
1211053500,전남광주통합특별시,목포시,연동,34.7915889,126.3936417
1211054500,전남광주통합특별시,목포시,산정동,34.8060472,126.3886000
1211055400,전남광주통합특별시,목포시,연산동,34.8098667,126.3791000
1211055800,전남광주통합특별시,목포시,원산동,34.8087500,126.3830639
1211056500,전남광주통합특별시,목포시,대성동,34.7962028,126.3856861
1211059500,전남광주통합특별시,목포시,목원동,34.7900000,126.3822222
1211064000,전남광주통합특별시,목포시,동명동,34.7878444,126.3940667
1211064500,전남광주통합특별시,목포시,삼학동,34.7871278,126.4036889
1211065500,전남광주통합특별시,목포시,만호동,34.7842194,126.3891083
1211066000,전남광주통합특별시,목포시,유달동,34.7828667,126.3826639
1211069500,전남광주통합특별시,목포시,죽교동,34.7966861,126.3771556
1211070500,전남광주통합특별시,목포시,북항동,34.8039639,126.3714861
1211074500,전남광주통합특별시,목포시,용해동,34.8134639,126.4013778
1211075000,전남광주통합특별시,목포시,이로동,34.7960500,126.4118444
1211075600,전남광주통합특별시,목포시,상동,34.8107083,126.4162750
1211075700,전남광주통합특별시,목포시,하당동,34.8055556,126.4223000
1211075800,전남광주통합특별시,목포시,신흥동,34.7957083,126.4208889
1211078000,전남광주통합특별시,목포시,삼향동,34.8272139,126.4199667
1211079000,전남광주통합특별시,목포시,옥암동,34.8070972,126.4318639
1211080000,전남광주통합특별시,목포시,부흥동,34.8011472,126.4365667
1211081000,전남광주통합특별시,목포시,부주동,34.8104254,126.4475935
1213000000,전남광주통합특별시,여수시,,34.7573111,127.6643861
1213025000,전남광주통합특별시,여수시,돌산읍,34.6140472,127.7238306
1213031000,전남광주통합특별시,여수시,소라면,34.7895972,127.6346639
1213032000,전남광주통합특별시,여수시,율촌면,34.8788111,127.5807889
1213033000,전남광주통합특별시,여수시,화양면,34.7050139,127.6156778
1213034000,전남광주통합특별시,여수시,남면,34.5063278,127.7687083
1213035000,전남광주통합특별시,여수시,화정면,34.6178611,127.6415111
1213036000,전남광주통합특별시,여수시,삼산면,34.0225000,127.3140333
1213051500,전남광주통합특별시,여수시,동문동,34.7388250,127.7450222
1213053500,전남광주통합특별시,여수시,한려동,34.7418111,127.7495083
1213057000,전남광주통합특별시,여수시,중앙동,34.7358556,127.7381778
1213060000,전남광주통합특별시,여수시,충무동,34.7457250,127.7310111
1213062500,전남광주통합특별시,여수시,광림동,34.7444444,127.7292222
1213063500,전남광주통합특별시,여수시,서강동,34.7380222,127.7280444
1213065500,전남광주통합특별시,여수시,대교동,34.7324389,127.7234306
1213067000,전남광주통합특별시,여수시,국동,34.7268889,127.7214194
1213068500,전남광주통합특별시,여수시,월호동,34.7230083,127.7139778
1213070000,전남광주통합특별시,여수시,여서동,34.7473667,127.7106861
1213071000,전남광주통합특별시,여수시,문수동,34.7515028,127.7049556
1213073000,전남광주통합특별시,여수시,미평동,34.7658028,127.7065333
1213074000,전남광주통합특별시,여수시,둔덕동,34.7662778,127.6967556
1213076500,전남광주통합특별시,여수시,만덕동,34.7495528,127.7466333
1213078000,전남광주통합특별시,여수시,쌍봉동,34.7603611,127.6675889
1213079000,전남광주통합특별시,여수시,시전동,34.7573889,127.6758972
1213080000,전남광주통합특별시,여수시,여천동,34.7669806,127.6637972
1213081000,전남광주통합특별시,여수시,주삼동,34.7844750,127.6651972
1213082000,전남광주통합특별시,여수시,삼일동,34.8249833,127.6892972
1213083000,전남광주통합특별시,여수시,묘도동,34.8729833,127.7118861
1215000000,전남광주통합특별시,순천시,,34.9476056,127.4893306
1215025000,전남광주통합특별시,순천시,승주읍,35.0113556,127.3919194
1215031000,전남광주통합특별시,순천시,해룡면,34.9106778,127.5398444
1215032000,전남광주통합특별시,순천시,서면,34.9917361,127.4904306
1215033000,전남광주통합특별시,순천시,황전면,35.0983111,127.4291417
1215034000,전남광주통합특별시,순천시,월등면,35.0903361,127.3826222
1215035000,전남광주통합특별시,순천시,주암면,35.0737778,127.2371778
1215036000,전남광주통합특별시,순천시,송광면,34.9710028,127.2659556
1215037000,전남광주통합특별시,순천시,외서면,34.9106861,127.2794667
1215038000,전남광주통합특별시,순천시,낙안면,34.9049667,127.3483556
1215039000,전남광주통합특별시,순천시,별량면,34.8711889,127.4541750
1215040000,전남광주통합특별시,순천시,상사면,34.9359778,127.4573111
1215051500,전남광주통합특별시,순천시,향동,34.9496306,127.4812889
1215054000,전남광주통합특별시,순천시,매곡동,34.9608389,127.4849194
1215055000,전남광주통합특별시,순천시,삼산동,34.9678139,127.4859111
1215056000,전남광주통합특별시,순천시,조곡동,34.9448194,127.4991750
1215057000,전남광주통합특별시,순천시,덕연동,34.9461639,127.5073333
1215058000,전남광주통합특별시,순천시,풍덕동,34.9387583,127.4993111
1215059000,전남광주통합특별시,순천시,남제동,34.9383083,127.4901111
1215060000,전남광주통합특별시,순천시,저전동,34.9449139,127.4860861
1215061000,전남광주통합특별시,순천시,장천동,34.9454167,127.4888889
1215062000,전남광주통합특별시,순천시,중앙동,34.9529528,127.4885778
1215063500,전남광주통합특별시,순천시,도사동,34.9245056,127.4937083
1215066100,전남광주통합특별시,순천시,왕조1동,34.9594417,127.5229417
1215066500,전남광주통합특별시,순천시,왕조2동,34.9522139,127.5345556
1217000000,전남광주통합특별시,나주시,,35.0128389,126.7128667
1217025000,전남광주통합특별시,나주시,남평읍,35.0432917,126.8453083
1217031000,전남광주통합특별시,나주시,세지면,34.9165972,126.7516222
1217032000,전남광주통합특별시,나주시,왕곡면,34.9650833,126.6718444
1217033000,전남광주통합특별시,나주시,반남면,34.9007139,126.6538639
1217034000,전남광주통합특별시,나주시,공산면,34.9402444,126.6101528
1217035000,전남광주통합특별시,나주시,동강면,34.9363944,126.5660667
1217036000,전남광주통합특별시,나주시,다시면,35.0162722,126.6393444
1217037000,전남광주통합특별시,나주시,문평면,35.0521139,126.6059639
1217038000,전남광주통합특별시,나주시,노안면,35.0728778,126.7342639
1217039000,전남광주통합특별시,나주시,금천면,35.0277778,126.7555639
1217040000,전남광주통합특별시,나주시,산포면,35.0370056,126.8077667
1217042000,전남광주통합특별시,나주시,다도면,34.9441806,126.8296306
1217043000,전남광주통합특별시,나주시,봉황면,34.9552000,126.7863222
1217051000,전남광주통합특별시,나주시,송월동,35.0143500,126.7271556
1217052000,전남광주통합특별시,나주시,영강동,35.0009778,126.7089528
1217054000,전남광주통합특별시,나주시,금남동,35.0281083,126.7178667
1217055000,전남광주통합특별시,나주시,성북동,35.0318833,126.7214444
1217058000,전남광주통합특별시,나주시,영산동,34.9967361,126.7161000
1217060000,전남광주통합특별시,나주시,이창동,34.9944750,126.7126444
1217062000,전남광주통합특별시,나주시,빛가람동,35.0224528,126.7894417
1219000000,전남광주통합특별시,광양시,,34.9375361,127.6981778
1219025000,전남광주통합특별시,광양시,광양읍,34.9702083,127.5832000
1219031000,전남광주통합특별시,광양시,봉강면,35.0083639,127.5833417
1219032000,전남광주통합특별시,광양시,옥룡면,35.0138083,127.6213972
1219033000,전남광주통합특별시,광양시,옥곡면,34.9863194,127.7010667
1219034000,전남광주통합특별시,광양시,진상면,35.0168667,127.7218194
1219035000,전남광주통합특별시,광양시,진월면,34.9753306,127.7602444
1219036000,전남광주통합특별시,광양시,다압면,35.1201972,127.6932194
1219051500,전남광주통합특별시,광양시,골약동,34.9354306,127.6804972
1219053000,전남광주통합특별시,광양시,중마동,34.9378528,127.6998111
1219054000,전남광주통합특별시,광양시,광영동,34.9598278,127.7241556
1219055000,전남광주통합특별시,광양시,금호동,34.9345972,127.7253194
1219057000,전남광주통합특별시,광양시,태인동,34.9394028,127.7518194
1221000000,전남광주통합특별시,동구,,35.1431000,126.9251778
1221052500,전남광주통합특별시,동구,충장동,35.1462861,126.9193778
1221054500,전남광주통합특별시,동구,동명동,35.1481139,126.9272444
1221056000,전남광주통합특별시,동구,계림1동,35.1554528,126.9216417
1221057000,전남광주통합특별시,동구,계림2동,35.1550528,126.9254417
1221059000,전남광주통합특별시,동구,산수1동,35.1542556,126.9327778
1221060000,전남광주통합특별시,동구,산수2동,35.1515111,126.9382000
1221062000,전남광주통합특별시,동구,지산1동,35.1458861,126.9348333
1221063000,전남광주통합특별시,동구,지산2동,35.1449056,126.9365750
1221065500,전남광주통합특별시,동구,서남동,35.1418583,126.9252194
1221068500,전남광주통합특별시,동구,학동,35.1313722,126.9262639
1221071000,전남광주통합특별시,동구,학운동,35.1293889,126.9356111
1221073000,전남광주통합특별시,동구,지원1동,35.1160556,126.9330222
1221074000,전남광주통합특별시,동구,지원2동,35.1174389,126.9348528
1224000000,전남광주통합특별시,서구,,35.1494833,126.8934111
1224057500,전남광주통합특별시,서구,양동,35.1517278,126.9029083
1224059000,전남광주통합특별시,서구,양3동,35.1543139,126.8962222
1224065000,전남광주통합특별시,서구,농성1동,35.1536111,126.8917778
1224066000,전남광주통합특별시,서구,농성2동,35.1473111,126.8923111
1224073000,전남광주통합특별시,서구,광천동,35.1613389,126.8823750
1224074000,전남광주통합특별시,서구,유덕동,35.1622444,126.8540194
1224074500,전남광주통합특별시,서구,치평동,35.1469917,126.8451778
1224075100,전남광주통합특별시,서구,상무1동,35.1506833,126.8694528
1224075200,전남광주통합특별시,서구,상무2동,35.1434111,126.8684444
1224076000,전남광주통합특별시,서구,화정1동,35.1531139,126.8798000
1224077000,전남광주통합특별시,서구,화정2동,35.1425222,126.8844444
1224078000,전남광주통합특별시,서구,화정3동,35.1404139,126.8789528
1224079000,전남광주통합특별시,서구,화정4동,35.1387972,126.8759556
1224080000,전남광주통합특별시,서구,서창동,35.1114361,126.8322861
1224082100,전남광주통합특별시,서구,금호1동,35.1320833,126.8591889
1224082400,전남광주통합특별시,서구,금호2동,35.1290889,126.8609111
1224083000,전남광주통합특별시,서구,풍암동,35.1217250,126.8806861
1224084000,전남광주통합특별시,서구,동천동,35.1712900,126.8647040
1227000000,전남광주통합특별시,남구,,35.1190361,126.9101444
1227051000,전남광주통합특별시,남구,양림동,35.1338417,126.9177333
1227052000,전남광주통합특별시,남구,방림1동,35.1312806,126.9203556
1227053000,전남광주통합특별시,남구,방림2동,35.1288639,126.9240667
1227053700,전남광주통합특별시,남구,봉선1동,35.1274778,126.9130639
1227053800,전남광주통합특별시,남구,봉선2동,35.1204444,126.9158333
1227054500,전남광주통합특별시,남구,사직동,35.1427139,126.9099556
1227060500,전남광주통합특별시,남구,월산동,35.1444750,126.9046889
1227063000,전남광주통합특별시,남구,월산4동,35.1436167,126.8929083
1227064000,전남광주통합특별시,남구,월산5동,35.1370917,126.8945972
1227067000,전남광주통합특별시,남구,백운1동,35.1351750,126.9059778
1227068000,전남광주통합특별시,남구,백운2동,35.1330222,126.9043861
1227069000,전남광주통합특별시,남구,주월1동,35.1289111,126.8954889
1227070000,전남광주통합특별시,남구,주월2동,35.1315972,126.8962083
1227070500,전남광주통합특별시,남구,진월동,35.1124570,126.8985664
1227071000,전남광주통합특별시,남구,효덕동,35.1093639,126.9006444
1227072000,전남광주통합특별시,남구,송암동,35.1084250,126.8792889
1227073000,전남광주통합특별시,남구,대촌동,35.0782556,126.8360667
1230000000,전남광주통합특별시,북구,,35.1711250,126.9141222
1230051000,전남광주통합특별시,북구,중흥1동,35.1585722,126.9160111
1230053500,전남광주통합특별시,북구,중흥동,35.1693787,126.9140941
1230055500,전남광주통합특별시,북구,중앙동,35.1543750,126.9082528
1230057000,전남광주통합특별시,북구,임동,35.1627694,126.8963306
1230058000,전남광주통합특별시,북구,신안동,35.1643750,126.9007528
1230059000,전남광주통합특별시,북구,용봉동,35.1773056,126.9033083
1230060100,전남광주통합특별시,북구,운암1동,35.1717889,126.8764778
1230060200,전남광주통합특별시,북구,운암2동,35.1709722,126.8847528
1230060300,전남광주통합특별시,북구,운암3동,35.1796750,126.8764306
1230061500,전남광주통합특별시,북구,동림동,35.1838806,126.8686000
1230062000,전남광주통합특별시,북구,우산동,35.1672417,126.9230222
1230063500,전남광주통합특별시,북구,풍향동,35.1614417,126.9251306
1230065000,전남광주통합특별시,북구,문화동,35.1784389,126.9389194
1230065600,전남광주통합특별시,북구,문흥1동,35.1836944,126.9237000
1230065700,전남광주통합특별시,북구,문흥2동,35.1812194,126.9240194
1230066100,전남광주통합특별시,북구,두암1동,35.1679611,126.9309861
1230066200,전남광주통합특별시,북구,두암2동,35.1710417,126.9340750
1230066300,전남광주통합특별시,북구,두암3동,35.1599528,126.9368306
1230066600,전남광주통합특별시,북구,삼각동,35.1962083,126.9016000
1230066900,전남광주통합특별시,북구,일곡동,35.2029556,126.8994667
1230067300,전남광주통합특별시,북구,매곡동,35.1864250,126.8941889
1230067600,전남광주통합특별시,북구,오치1동,35.1861194,126.9100000
1230067700,전남광주통합특별시,북구,오치2동,35.1870139,126.9026222
1230068500,전남광주통합특별시,북구,석곡동,35.2119194,126.9520417
1230069500,전남광주통합특별시,북구,건국동,35.2198500,126.8837000
1230069600,전남광주통합특별시,북구,양산동,35.2091707,126.8796280
1230069700,전남광주통합특별시,북구,신용동,35.2064889,126.8629158
1233000000,전남광주통합특별시,광산구,,35.1364278,126.7957889
1233051500,전남광주통합특별시,광산구,송정1동,35.1377222,126.8008000
1233052500,전남광주통합특별시,광산구,송정2동,35.1359778,126.7967083
1233054000,전남광주통합특별시,광산구,도산동,35.1263111,126.7936000
1233055000,전남광주통합특별시,광산구,신흥동,35.1421028,126.8027444
1233056500,전남광주통합특별시,광산구,어룡동,35.1394417,126.7971972
1233058000,전남광주통합특별시,광산구,우산동,35.1547417,126.8115333
1233060000,전남광주통합특별시,광산구,월곡1동,35.1688111,126.8119333
1233061000,전남광주통합특별시,광산구,월곡2동,35.1713028,126.8098667
1233062000,전남광주통합특별시,광산구,비아동,35.2189639,126.8264194
1233062400,전남광주통합특별시,광산구,첨단1동,35.2165278,126.8442444
1233062600,전남광주통합특별시,광산구,첨단2동,35.2132472,126.8454750
1233063000,전남광주통합특별시,광산구,신가동,35.1785111,126.8296417
1233063500,전남광주통합특별시,광산구,운남동,35.1703472,126.8238556
1233063700,전남광주통합특별시,광산구,수완동,35.1971000,126.8257510
1233064000,전남광주통합특별시,광산구,하남동,35.1818750,126.7960861
1233065000,전남광주통합특별시,광산구,임곡동,35.2165639,126.7468111
1233066000,전남광주통합특별시,광산구,동곡동,35.0956083,126.7741333
1233067000,전남광주통합특별시,광산구,평동,35.1216722,126.7623333
1233068000,전남광주통합특별시,광산구,삼도동,35.1591167,126.6996083
1233069000,전남광주통합특별시,광산구,본량동,35.1776972,126.7308750
1233070000,전남광주통합특별시,광산구,신창동,35.1955820,126.8407192
1271000000,전남광주통합특별시,담양군,,35.3181250,126.9901639
1271025000,전남광주통합특별시,담양군,담양읍,35.3174889,126.9839444
1271031000,전남광주통합특별시,담양군,봉산면,35.2731556,126.9590111
1271032000,전남광주통합특별시,담양군,고서면,35.2204778,126.9751972
1271033500,전남광주통합특별시,담양군,가사문학면,35.1744194,127.0299333
1271034000,전남광주통합특별시,담양군,창평면,35.2357944,127.0210861
1271035000,전남광주통합특별시,담양군,대덕면,35.2463861,127.0391222
1271036000,전남광주통합특별시,담양군,무정면,35.2918361,127.0321639
1271037000,전남광주통합특별시,담양군,금성면,35.3403222,127.0276111
1271038000,전남광주통합특별시,담양군,용면,35.3618972,126.9895972
1271039000,전남광주통합특별시,담양군,월산면,35.3372417,126.9567556
1271040000,전남광주통합특별시,담양군,수북면,35.2987111,126.9308000
1271041000,전남광주통합특별시,담양군,대전면,35.2718056,126.8900889
1272000000,전남광주통합특별시,곡성군,,35.2789556,127.2941083
1272025000,전남광주통합특별시,곡성군,곡성읍,35.2791667,127.2984444
1272031000,전남광주통합특별시,곡성군,오곡면,35.2692583,127.3161111
1272032000,전남광주통합특별시,곡성군,삼기면,35.2329389,127.2137972
1272033000,전남광주통합특별시,곡성군,석곡면,35.1299222,127.2562222
1272034000,전남광주통합특별시,곡성군,목사동면,35.1176778,127.3020333
1272035000,전남광주통합특별시,곡성군,죽곡면,35.1481333,127.3213889
1272036000,전남광주통합특별시,곡성군,고달면,35.2926000,127.3434639
1272037000,전남광주통합특별시,곡성군,옥과면,35.2737722,127.1376972
1272038000,전남광주통합특별시,곡성군,입면,35.2940806,127.2062417
1272039000,전남광주통합특별시,곡성군,겸면,35.2525833,127.1745417
1272040000,전남광주통합특별시,곡성군,오산면,35.2348889,127.1236194
1273000000,전남광주통합특별시,구례군,,35.1994583,127.4649333
1273025000,전남광주통합특별시,구례군,구례읍,35.2056833,127.4652194
1273031000,전남광주통합특별시,구례군,문척면,35.1887250,127.4912000
1273032000,전남광주통합특별시,구례군,간전면,35.1751389,127.5459222
1273033000,전남광주통합특별시,구례군,토지면,35.1947667,127.5283639
1273034000,전남광주통합특별시,구례군,마산면,35.2201167,127.4895083
1273035000,전남광주통합특별시,구례군,광의면,35.2571583,127.4420750
1273036000,전남광주통합특별시,구례군,용방면,35.2475917,127.4322778
1273037000,전남광주통합특별시,구례군,산동면,35.3127528,127.4415333
1274000000,전남광주통합특별시,고흥군,,34.6080694,127.2870556
1274025000,전남광주통합특별시,고흥군,고흥읍,34.6029694,127.2824417
1274025300,전남광주통합특별시,고흥군,도양읍,34.5264028,127.1405556
1274031000,전남광주통합특별시,고흥군,풍양면,34.5724306,127.2440750
1274032000,전남광주통합특별시,고흥군,도덕면,34.5636111,127.1798861
1274033000,전남광주통합특별시,고흥군,금산면,34.4559722,127.1271972
1274034000,전남광주통합특별시,고흥군,도화면,34.5069667,127.3195083
1274035000,전남광주통합특별시,고흥군,포두면,34.5683778,127.3426778
1274036000,전남광주통합특별시,고흥군,봉래면,34.4605917,127.4611528
1274037000,전남광주통합특별시,고흥군,점암면,34.6497139,127.3815861
1274038000,전남광주통합특별시,고흥군,과역면,34.6781028,127.3619750
1274039000,전남광주통합특별시,고흥군,남양면,34.7258306,127.3419000
1274040000,전남광주통합특별시,고흥군,동강면,34.7762861,127.3360667
1274041000,전남광주통합특별시,고흥군,대서면,34.7682000,127.2862556
1274042000,전남광주통합특별시,고흥군,두원면,34.6434556,127.2757750
1274044000,전남광주통합특별시,고흥군,영남면,34.5988500,127.4580556
1274045000,전남광주통합특별시,고흥군,동일면,34.4989278,127.4693639
1275000000,전남광주통합특별시,보성군,,34.7683333,127.0820889
1275025000,전남광주통합특별시,보성군,보성읍,34.7655167,127.0822222
1275025300,전남광주통합특별시,보성군,벌교읍,34.8442139,127.3438444
1275031000,전남광주통합특별시,보성군,노동면,34.7941722,127.0728417
1275032000,전남광주통합특별시,보성군,미력면,34.7978389,127.0896417
1275033000,전남광주통합특별시,보성군,겸백면,34.8263639,127.1539306
1275034000,전남광주통합특별시,보성군,율어면,34.8675361,127.1891083
1275035000,전남광주통합특별시,보성군,복내면,34.8899361,127.1333333
1275036000,전남광주통합특별시,보성군,문덕면,34.9262167,127.1745417
1275037000,전남광주통합특별시,보성군,조성면,34.8054000,127.2497444
1275038000,전남광주통합특별시,보성군,득량면,34.7590333,127.1707750
1275039000,전남광주통합특별시,보성군,회천면,34.6656528,127.0874417
1275040000,전남광주통합특별시,보성군,웅치면,34.7127972,127.0223528
1276000000,전남광주통합특별시,화순군,,35.0614806,126.9885667
1276025000,전남광주통합특별시,화순군,화순읍,35.0569194,126.9866889
1276031000,전남광주통합특별시,화순군,한천면,34.9748306,127.0007889
1276032000,전남광주통합특별시,화순군,춘양면,34.9475389,126.9621083
1276033000,전남광주통합특별시,화순군,청풍면,34.8732306,126.9723444
1276034000,전남광주통합특별시,화순군,이양면,34.8847667,126.9906778
1276035000,전남광주통합특별시,화순군,능주면,34.9868444,126.9599667
1276036000,전남광주통합특별시,화순군,도곡면,34.9931000,126.9195750
1276037000,전남광주통합특별시,화순군,도암면,34.9347139,126.8988889
1276038000,전남광주통합특별시,화순군,이서면,35.1073806,127.0731667
1276039500,전남광주통합특별시,화순군,백아면,35.1650694,127.1343861
1276040000,전남광주통합특별시,화순군,동복면,35.0680861,127.1312333
1276041500,전남광주통합특별시,화순군,사평면,35.0041972,127.0979556
1276042000,전남광주통합특별시,화순군,동면,35.0268583,127.0406667
1277000000,전남광주통합특별시,장흥군,,34.6785250,126.9091083
1277025000,전남광주통합특별시,장흥군,장흥읍,34.6766583,126.9047111
1277025300,전남광주통합특별시,장흥군,관산읍,34.5584167,126.9409778
1277025600,전남광주통합특별시,장흥군,대덕읍,34.4943639,126.8889667
1277031000,전남광주통합특별시,장흥군,용산면,34.6117667,126.9161333
1277032000,전남광주통합특별시,장흥군,안양면,34.6469056,126.9760778
1277033000,전남광주통합특별시,장흥군,장동면,34.7468056,126.9973750
1277034000,전남광주통합특별시,장흥군,장평면,34.7705917,126.9769750
1277035000,전남광주통합특별시,장흥군,유치면,34.7991944,126.8411528
1277036000,전남광주통합특별시,장흥군,부산면,34.7202833,126.9054639
1277037000,전남광주통합특별시,장흥군,회진면,34.4784167,126.9416333
1278000000,전남광주통합특별시,강진군,,34.6389111,126.7691972
1278025000,전남광주통합특별시,강진군,강진읍,34.6327694,126.7755778
1278031000,전남광주통합특별시,강진군,군동면,34.6417556,126.8171083
1278032000,전남광주통합특별시,강진군,칠량면,34.5696056,126.8012556
1278033000,전남광주통합특별시,강진군,대구면,34.4922611,126.8028667
1278034000,전남광주통합특별시,강진군,도암면,34.5432083,126.7299417
1278035000,전남광주통합특별시,강진군,신전면,34.5103778,126.7220556
1278036000,전남광주통합특별시,강진군,성전면,34.6895833,126.7111417
1278037000,전남광주통합특별시,강진군,작천면,34.7011167,126.7734639
1278038000,전남광주통합특별시,강진군,병영면,34.7137806,126.8147528
1278039000,전남광주통합특별시,강진군,옴천면,34.7419444,126.7964528
1278040000,전남광주통합특별시,강진군,마량면,34.4473361,126.8209972
1279000000,전남광주통합특별시,해남군,,34.5704361,126.6012889
1279025000,전남광주통합특별시,해남군,해남읍,34.5620500,126.6012639
1279031000,전남광주통합특별시,해남군,삼산면,34.5177139,126.6120222
1279032000,전남광주통합특별시,해남군,화산면,34.4882000,126.5172639
1279033000,전남광주통합특별시,해남군,현산면,34.4567444,126.5555972
1279034000,전남광주통합특별시,해남군,송지면,34.3664417,126.5214444
1279035000,전남광주통합특별시,해남군,북평면,34.4049972,126.6274556
1279036000,전남광주통합특별시,해남군,북일면,34.4610472,126.6780972
1279037000,전남광주통합특별시,해남군,옥천면,34.5643528,126.6498667
1279038000,전남광주통합특별시,해남군,계곡면,34.6419889,126.6616000
1279039000,전남광주통합특별시,해남군,마산면,34.6185167,126.5701306
1279040000,전남광주통합특별시,해남군,황산면,34.5737972,126.4384306
1279041000,전남광주통합특별시,해남군,산이면,34.6416111,126.4499083
1279042000,전남광주통합특별시,해남군,문내면,34.5888472,126.3106111
1279043000,전남광주통합특별시,해남군,화원면,34.6677528,126.3297306
1280000000,전남광주통합특별시,영암군,,34.7969889,126.6986194
1280025000,전남광주통합특별시,영암군,영암읍,34.7966667,126.7033972
1280025300,전남광주통합특별시,영암군,삼호읍,34.7429083,126.4711889
1280031000,전남광주통합특별시,영암군,덕진면,34.8157694,126.6990750
1280032000,전남광주통합특별시,영암군,금정면,34.8599583,126.7510444
1280033000,전남광주통합특별시,영암군,신북면,34.8872194,126.6945972
1280034000,전남광주통합특별시,영암군,시종면,34.8655139,126.6091222
1280035000,전남광주통합특별시,영암군,도포면,34.8421056,126.6457528
1280036000,전남광주통합특별시,영암군,군서면,34.7765111,126.6525972
1280037000,전남광주통합특별시,영암군,서호면,34.7518889,126.5869528
1280038000,전남광주통합특별시,영암군,학산면,34.7231000,126.5721556
1280039000,전남광주통합특별시,영암군,미암면,34.6961639,126.5738083
1281000000,전남광주통합특별시,무안군,,34.9873694,126.4837000
1281025000,전남광주통합특별시,무안군,무안읍,34.9874694,126.4783333
1281025300,전남광주통합특별시,무안군,일로읍,34.8483083,126.4923667
1281025600,전남광주통합특별시,무안군,삼향읍,34.8200361,126.4435861
1281032000,전남광주통합특별시,무안군,몽탄면,34.9276611,126.5041083
1281033000,전남광주통합특별시,무안군,청계면,34.9079389,126.4308417
1281034000,전남광주통합특별시,무안군,현경면,35.0183306,126.4139528
1281035000,전남광주통합특별시,무안군,망운면,35.0098111,126.3966083
1281036000,전남광주통합특별시,무안군,해제면,35.1073917,126.2965417
1281037000,전남광주통합특별시,무안군,운남면,34.9591417,126.3452861
1282000000,전남광주통합특별시,함평군,,35.0627444,126.5186194
1282025000,전남광주통합특별시,함평군,함평읍,35.0623139,126.5222222
1282031000,전남광주통합특별시,함평군,손불면,35.1401750,126.4337972
1282032000,전남광주통합특별시,함평군,신광면,35.1525528,126.4997528
1282033000,전남광주통합특별시,함평군,학교면,35.0138417,126.5395889
1282034000,전남광주통합특별시,함평군,엄다면,35.0071889,126.5179083
1282035000,전남광주통합특별시,함평군,대동면,35.0656556,126.5334222
1282036000,전남광주통합특별시,함평군,나산면,35.1108000,126.6109861
1282037000,전남광주통합특별시,함평군,해보면,35.1774139,126.6032194
1282038000,전남광주통합특별시,함평군,월야면,35.1769361,126.6343111
1283000000,전남광주통합특별시,영광군,,35.2741667,126.5140861
1283025000,전남광주통합특별시,영광군,영광읍,35.2749000,126.5139306
1283025300,전남광주통합특별시,영광군,백수읍,35.2801694,126.4227861
1283025600,전남광주통합특별시,영광군,홍농읍,35.3926472,126.4474194
1283031000,전남광주통합특별시,영광군,대마면,35.2983250,126.5795333
1283032000,전남광주통합특별시,영광군,묘량면,35.2540333,126.5452111
1283033000,전남광주통합특별시,영광군,불갑면,35.2059222,126.5096417
1283034000,전남광주통합특별시,영광군,군서면,35.2547583,126.4772111
1283035000,전남광주통합특별시,영광군,군남면,35.2366556,126.4547111
1283036000,전남광주통합특별시,영광군,염산면,35.2147833,126.3739667
1283037000,전남광주통합특별시,영광군,법성면,35.3589944,126.4480222
1283038000,전남광주통합특별시,영광군,낙월면,35.1991361,126.1396222
1284000000,전남광주통합특별시,장성군,,35.2988111,126.7869750
1284025000,전남광주통합특별시,장성군,장성읍,35.3000056,126.7872861
1284031000,전남광주통합특별시,장성군,진원면,35.2701056,126.8354639
1284032000,전남광주통합특별시,장성군,남면,35.2412556,126.8142889
1284033000,전남광주통합특별시,장성군,동화면,35.2812333,126.7409222
1284034000,전남광주통합특별시,장성군,삼서면,35.2291111,126.6484778
1284035000,전남광주통합특별시,장성군,삼계면,35.2564889,126.6665750
1284036000,전남광주통합특별시,장성군,황룡면,35.2858000,126.7750556
1284037000,전남광주통합특별시,장성군,서삼면,35.3310417,126.7692222
1284038000,전남광주통합특별시,장성군,북일면,35.3717361,126.8094000
1284039000,전남광주통합특별시,장성군,북이면,35.4256694,126.8107528
1284040000,전남광주통합특별시,장성군,북하면,35.4042722,126.8817639
1285000000,전남광주통합특별시,완도군,,34.3078528,126.7570972
1285025000,전남광주통합특별시,완도군,완도읍,34.3135861,126.7475778
1285025300,전남광주통합특별시,완도군,금일읍,34.3456917,127.0315528
1285025600,전남광주통합특별시,완도군,노화읍,34.1746889,126.5778667
1285031000,전남광주통합특별시,완도군,군외면,34.3862556,126.6494750
1285032000,전남광주통합특별시,완도군,신지면,34.3316028,126.8292639
1285033000,전남광주통합특별시,완도군,고금면,34.3917806,126.8063972
1285034000,전남광주통합특별시,완도군,약산면,34.3904944,126.9002444
1285035000,전남광주통합특별시,완도군,청산면,34.1767194,126.8609972
1285036000,전남광주통합특별시,완도군,소안면,34.1716500,126.6530222
1285037000,전남광주통합특별시,완도군,금당면,34.4267500,127.0732667
1285038000,전남광주통합특별시,완도군,보길면,34.1659167,126.5696083
1285039000,전남광주통합특별시,완도군,생일면,34.3299500,126.9996972
1286000000,전남광주통합특별시,진도군,,34.4837500,126.2655444
1286025000,전남광주통합특별시,진도군,진도읍,34.4777556,126.2649667
1286031000,전남광주통합특별시,진도군,군내면,34.5093806,126.2939778
1286032000,전남광주통합특별시,진도군,고군면,34.4873389,126.3450222
1286033000,전남광주통합특별시,진도군,의신면,34.4361694,126.2854639
1286034000,전남광주통합특별시,진도군,임회면,34.4028917,126.1921639
1286035000,전남광주통합특별시,진도군,지산면,34.4224917,126.1693111
1286036000,전남광주통합특별시,진도군,조도면,34.2938500,126.0490750
1287000000,전남광주통합특별시,신안군,,34.7898111,126.3817306
1287025000,전남광주통합특별시,신안군,지도읍,35.0582167,126.2095889
1287025300,전남광주통합특별시,신안군,압해읍,34.8623611,126.3144111
1287031000,전남광주통합특별시,신안군,증도면,34.9997278,126.1416222
1287032000,전남광주통합특별시,신안군,임자면,35.0811417,126.1131861
1287033000,전남광주통합특별시,신안군,자은면,34.8813556,126.0494111
1287034000,전남광주통합특별시,신안군,비금면,34.7522000,125.9286333
1287035000,전남광주통합특별시,신안군,도초면,34.7004917,125.9554083
1287036000,전남광주통합특별시,신안군,흑산면,34.6797750,125.4312639
1287037000,전남광주통합특별시,신안군,하의면,34.6037111,126.0385528
1287038000,전남광주통합특별시,신안군,신의면,34.5819972,126.0902861
1287039000,전남광주통합특별시,신안군,장산면,34.6396667,126.1509306
1287040000,전남광주통합특별시,신안군,안좌면,34.7529472,126.1266667
1287041000,전남광주통합특별시,신안군,팔금면,34.7819278,126.1445222
1287042000,전남광주통합특별시,신안군,암태면,34.8241111,126.1140417
2600000000,부산광역시,,,35.1770194,129.0769528
2611000000,부산광역시,중구,,35.1032167,129.0345083
2611051000,부산광역시,중구,중앙동,35.0981861,129.0375889
2611052000,부산광역시,중구,동광동,35.1019333,129.0368778
2611053000,부산광역시,중구,대청동,35.1011472,129.0333333
2611054500,부산광역시,중구,보수동,35.1007028,129.0276222
2611056000,부산광역시,중구,부평동,35.0972972,129.0287972
2611057000,부산광역시,중구,광복동,35.0968583,129.0327528
2611058000,부산광역시,중구,남포동,35.0943056,129.0340861
2611059000,부산광역시,중구,영주제1동,35.1080472,129.0372861
2611060000,부산광역시,중구,영주제2동,35.1085083,129.0340333
2614000000,부산광역시,서구,,35.0948361,129.0263778
2614051000,부산광역시,서구,동대신제1동,35.1065361,129.0225083
2614052000,부산광역시,서구,동대신제2동,35.1098528,129.0254306
2614053000,부산광역시,서구,동대신제3동,35.1113389,129.0195083
2614054000,부산광역시,서구,서대신제1동,35.1080139,129.0166750
2614056000,부산광역시,서구,서대신제3동,35.1103667,129.0141889
2614057000,부산광역시,서구,서대신제4동,35.1160722,129.0148333
2614059000,부산광역시,서구,부민동,35.1006861,129.0207528
2614061500,부산광역시,서구,아미동,35.0970889,129.0176861
2614063000,부산광역시,서구,초장동,35.0928778,129.0225639
2614064000,부산광역시,서구,충무동,35.0949361,129.0238972
2614065000,부산광역시,서구,남부민제1동,35.0896583,129.0255639
2614066000,부산광역시,서구,남부민제2동,35.0815500,129.0218639
2614068000,부산광역시,서구,암남동,35.0769056,129.0236000
2617000000,부산광역시,동구,,35.1358944,129.0591750
2617051000,부산광역시,동구,초량제1동,35.1108778,129.0391889
2617052000,부산광역시,동구,초량제2동,35.1134472,129.0408000
2617053000,부산광역시,동구,초량제3동,35.1181861,129.0420667
2617055000,부산광역시,동구,초량제6동,35.1229083,129.0367444
2617056000,부산광역시,동구,수정제1동,35.1222750,129.0445333
2617057000,부산광역시,동구,수정제2동,35.1252528,129.0472639
2617059000,부산광역시,동구,수정제4동,35.1239972,129.0429639
2617060000,부산광역시,동구,수정제5동,35.1307333,129.0446889
2617064500,부산광역시,동구,좌천동,35.1319861,129.0527917
2617065000,부산광역시,동구,범일제1동,35.1362722,129.0583083
2617066000,부산광역시,동구,범일제2동,35.1318722,129.0619861
2617068000,부산광역시,동구,범일제5동,35.1273056,129.0560194
2620000000,부산광역시,영도구,,35.0881167,129.0701861
2620053000,부산광역시,영도구,남항동,35.0867889,129.0398528
2620054000,부산광역시,영도구,영선제1동,35.0871611,129.0470333
2620055000,부산광역시,영도구,영선제2동,35.0838500,129.0436417
2620058500,부산광역시,영도구,신선동,35.0802444,129.0474556
2620059000,부산광역시,영도구,봉래제1동,35.0903917,129.0466222
2620060500,부산광역시,영도구,봉래제2동,35.0911083,129.0483972
2620063000,부산광역시,영도구,청학제1동,35.0938333,129.0606861
2620064000,부산광역시,영도구,청학제2동,35.0888250,129.0680306
2620065000,부산광역시,영도구,동삼제1동,35.0717944,129.0707083
2620066000,부산광역시,영도구,동삼제2동,35.0647417,129.0829222
2620067000,부산광역시,영도구,동삼제3동,35.0815806,129.0709222
2623000000,부산광역시,부산진구,,35.1599528,129.0553194
2623051000,부산광역시,부산진구,부전제1동,35.1572583,129.0609222
2623052000,부산광역시,부산진구,부전제2동,35.1495222,129.0590750
2623054000,부산광역시,부산진구,연지동,35.1697139,129.0550083
2623055000,부산광역시,부산진구,초읍동,35.1756250,129.0498333
2623056000,부산광역시,부산진구,양정제1동,35.1713972,129.0666556
2623057000,부산광역시,부산진구,양정제2동,35.1697806,129.0779889
2623060000,부산광역시,부산진구,전포제1동,35.1512694,129.0696222
2623061000,부산광역시,부산진구,전포제2동,35.1586306,129.0684444
2623064000,부산광역시,부산진구,부암제1동,35.1604611,129.0517778
2623066000,부산광역시,부산진구,부암제3동,35.1659222,129.0420556
2623067000,부산광역시,부산진구,당감제1동,35.1597000,129.0423667
2623068000,부산광역시,부산진구,당감제2동,35.1548889,129.0502778
2623070000,부산광역시,부산진구,당감제4동,35.1649139,129.0387972
2623071000,부산광역시,부산진구,가야제1동,35.1519111,129.0440528
2623072000,부산광역시,부산진구,가야제2동,35.1466806,129.0312889
2623074000,부산광역시,부산진구,개금제1동,35.1495667,129.0241750
2623075000,부산광역시,부산진구,개금제2동,35.1417056,129.0216889
2623076000,부산광역시,부산진구,개금제3동,35.1526861,129.0242222
2623077000,부산광역시,부산진구,범천제1동,35.1438500,129.0633000
2623078000,부산광역시,부산진구,범천제2동,35.1432778,129.0583972
2626000000,부산광역시,동래구,,35.2018722,129.0858556
2626051000,부산광역시,동래구,수민동,35.1929750,129.0933889
2626052000,부산광역시,동래구,복산동,35.2027083,129.0883750
2626054500,부산광역시,동래구,명륜동,35.2124914,129.0815610
2626055000,부산광역시,동래구,온천제1동,35.2169667,129.0823861
2626056000,부산광역시,동래구,온천제2동,35.2048833,129.0752528
2626057000,부산광역시,동래구,온천제3동,35.2018667,129.0685528
2626058000,부산광역시,동래구,사직제1동,35.1959333,129.0643444
2626059000,부산광역시,동래구,사직제2동,35.1971750,129.0591667
2626060000,부산광역시,동래구,사직제3동,35.1963889,129.0717222
2626074000,부산광역시,동래구,안락제1동,35.1940472,129.1009111
2626075000,부산광역시,동래구,안락제2동,35.1946444,129.1123111
2626076100,부산광역시,동래구,명장제1동,35.2015806,129.1065000
2626076200,부산광역시,동래구,명장제2동,35.2048667,129.1046556
2629000000,부산광역시,남구,,35.1334083,129.0865000
2629051000,부산광역시,남구,대연제1동,35.1314639,129.0957194
2629053000,부산광역시,남구,대연제3동,35.1316361,129.1025778
2629054000,부산광역시,남구,대연제4동,35.1267111,129.0936194
2629055000,부산광역시,남구,대연제5동,35.1353694,129.0924889
2629056000,부산광역시,남구,대연제6동,35.1318667,129.0858417
2629057000,부산광역시,남구,용호제1동,35.1177139,129.1112972
2629058000,부산광역시,남구,용호제2동,35.1117500,129.1156861
2629059000,부산광역시,남구,용호제3동,35.1179222,129.1150639
2629060000,부산광역시,남구,용호제4동,35.1101444,129.1126639
2629061000,부산광역시,남구,용당동,35.1144111,129.0974556
2629062000,부산광역시,남구,감만제1동,35.1137889,129.0828889
2629063000,부산광역시,남구,감만제2동,35.1194583,129.0867778
2629064500,부산광역시,남구,우암동,35.1250000,129.0758507
2629068000,부산광역시,남구,문현제1동,35.1393944,129.0735778
2629069000,부산광역시,남구,문현제2동,35.1422222,129.0709972
2629070000,부산광역시,남구,문현제3동,35.1351222,129.0739194
2629071000,부산광역시,남구,문현제4동,35.1330306,129.0712000
2632000000,부산광역시,북구,,35.1941806,128.9924750
2632051000,부산광역시,북구,구포제1동,35.2033694,129.0034111
2632052000,부산광역시,북구,구포제2동,35.1996361,129.0002444
2632052100,부산광역시,북구,구포제3동,35.1917583,129.0110444
2632053000,부산광역시,북구,금곡동,35.2470056,129.0150889
2632054100,부산광역시,북구,화명제1동,35.2216944,129.0124667
2632054200,부산광역시,북구,화명제2동,35.2405250,129.0220222
2632054300,부산광역시,북구,화명제3동,35.2287722,129.0123333
2632055000,부산광역시,북구,덕천제1동,35.2093889,129.0190194
2632056000,부산광역시,북구,덕천제2동,35.2092667,129.0102444
2632056100,부산광역시,북구,덕천제3동,35.2068194,129.0196972
2632057100,부산광역시,북구,만덕제1동,35.2103667,129.0385194
2632057200,부산광역시,북구,만덕제2동,35.2071194,129.0394667
2632057300,부산광역시,북구,만덕제3동,35.2083083,129.0313972
2635000000,부산광역시,해운대구,,35.1600194,129.1658083
2635051000,부산광역시,해운대구,우제1동,35.1598111,129.1602861
2635052000,부산광역시,해운대구,우제2동,35.1681556,129.1422111
2635052500,부산광역시,해운대구,우제3동,35.1592915,129.1424022
2635053000,부산광역시,해운대구,중제1동,35.1594583,129.1664778
2635054000,부산광역시,해운대구,중제2동,35.1587972,129.1821083
2635055100,부산광역시,해운대구,좌제1동,35.1678222,129.1765528
2635055200,부산광역시,해운대구,좌제2동,35.1660611,129.1849194
2635055300,부산광역시,해운대구,좌제3동,35.1692639,129.1689861
2635055400,부산광역시,해운대구,좌제4동,35.1748667,129.1784778
2635056000,부산광역시,해운대구,송정동,35.1805611,129.2058972
2635057000,부산광역시,해운대구,반여제1동,35.1980556,129.1211889
2635058000,부산광역시,해운대구,반여제2동,35.1928306,129.1323528
2635059000,부산광역시,해운대구,반여제3동,35.1980056,129.1357000
2635059500,부산광역시,해운대구,반여제4동,35.2061028,129.1193444
2635061000,부산광역시,해운대구,반송제1동,35.2220528,129.1500083
2635062000,부산광역시,해운대구,반송제2동,35.2257639,129.1626972
2635065000,부산광역시,해운대구,재송제1동,35.1808639,129.1256444
2635066000,부산광역시,해운대구,재송제2동,35.1865500,129.1277194
2638000000,부산광역시,사하구,,35.1014278,128.9770417
2638051000,부산광역시,사하구,괴정제1동,35.0965028,128.9916222
2638052000,부산광역시,사하구,괴정제2동,35.1004306,129.0062750
2638053000,부산광역시,사하구,괴정제3동,35.0972111,129.0004222
2638054000,부산광역시,사하구,괴정제4동,35.0960167,128.9854000
2638055000,부산광역시,사하구,당리동,35.0998444,128.9789306
2638056100,부산광역시,사하구,하단제1동,35.1008333,128.9665333
2638056200,부산광역시,사하구,하단제2동,35.1114333,128.9626861
2638057100,부산광역시,사하구,신평제1동,35.0869139,128.9765750
2638057200,부산광역시,사하구,신평제2동,35.0915333,128.9616333
2638058000,부산광역시,사하구,장림제1동,35.0798194,128.9691417
2638059000,부산광역시,사하구,장림제2동,35.0747278,128.9748444
2638060100,부산광역시,사하구,다대제1동,35.0561028,128.9735778
2638060200,부산광역시,사하구,다대제2동,35.0603222,128.9844333
2638061000,부산광역시,사하구,구평동,35.0788194,128.9900417
2638062000,부산광역시,사하구,감천제1동,35.0849056,129.0069111
2638063000,부산광역시,사하구,감천제2동,35.0915250,129.0116000
2641000000,부산광역시,금정구,,35.2400778,129.0943194
2641051000,부산광역시,금정구,서제1동,35.2152611,129.1013972
2641052000,부산광역시,금정구,서제2동,35.2097806,129.1069333
2641053000,부산광역시,금정구,서제3동,35.2123750,129.1097306
2641055500,부산광역시,금정구,금사회동동,35.2172361,129.1133750
2641057000,부산광역시,금정구,부곡제1동,35.2213500,129.0944000
2641058000,부산광역시,금정구,부곡제2동,35.2267278,129.0950000
2641059000,부산광역시,금정구,부곡제3동,35.2374056,129.0961333
2641059100,부산광역시,금정구,부곡제4동,35.2168139,129.0908750
2641060000,부산광역시,금정구,장전제1동,35.2346667,129.0872111
2641061000,부산광역시,금정구,장전제2동,35.2225306,129.0843778
2641063500,부산광역시,금정구,선두구동,35.2952083,129.1155972
2641066500,부산광역시,금정구,청룡노포동,35.2720500,129.0920556
2641067000,부산광역시,금정구,남산동,35.2685556,129.0946222
2641068000,부산광역시,금정구,구서제1동,35.2419917,129.0892306
2641069000,부산광역시,금정구,구서제2동,35.2520833,129.0928889
2641070000,부산광역시,금정구,금성동,35.2472528,129.0583417
2644000000,부산광역시,강서구,,35.2091639,128.9829083
2644051000,부산광역시,강서구,대저1동,35.2113944,128.9828556
2644052000,부산광역시,강서구,대저2동,35.1753944,128.9587000
2644053000,부산광역시,강서구,강동동,35.2114639,128.9375083
2644053500,부산광역시,강서구,명지1동,35.1080910,128.9265020
2644054500,부산광역시,강서구,명지2동,35.0845870,128.8997580
2644055000,부산광역시,강서구,가락동,35.1933167,128.9040750
2644056000,부산광역시,강서구,녹산동,35.1234639,128.8608083
2644058000,부산광역시,강서구,가덕도동,35.0526167,128.8140333
2644059000,부산광역시,강서구,신호동,35.0854435,128.8791071
2647000000,부산광역시,연제구,,35.1731861,129.0820750
2647061000,부산광역시,연제구,거제제1동,35.1917194,129.0830222
2647062000,부산광역시,연제구,거제제2동,35.1845722,129.0725417
2647063000,부산광역시,연제구,거제제3동,35.1810333,129.0753083
2647064000,부산광역시,연제구,거제제4동,35.1761306,129.0700222
2647065000,부산광역시,연제구,연산제1동,35.1858778,129.0938444
2647066000,부산광역시,연제구,연산제2동,35.1768333,129.0815750
2647067000,부산광역시,연제구,연산제3동,35.1702694,129.0965111
2647068000,부산광역시,연제구,연산제4동,35.1832167,129.0871556
2647069000,부산광역시,연제구,연산제5동,35.1814194,129.0783556
2647070000,부산광역시,연제구,연산제6동,35.1757722,129.0879417
2647072000,부산광역시,연제구,연산제8동,35.1840333,129.1033333
2647073000,부산광역시,연제구,연산제9동,35.1855472,129.1071972
2650000000,부산광역시,수영구,,35.1424667,129.1153750
2650066000,부산광역시,수영구,남천제1동,35.1395750,129.1125972
2650067000,부산광역시,수영구,남천제2동,35.1407528,129.1169861
2650073000,부산광역시,수영구,수영동,35.1673583,129.1182889
2650074000,부산광역시,수영구,망미제1동,35.1713556,129.1032417
2650075000,부산광역시,수영구,망미제2동,35.1721528,129.1175417
2650076000,부산광역시,수영구,광안제1동,35.1598667,129.1147306
2650077000,부산광역시,수영구,광안제2동,35.1506778,129.1148667
2650078000,부산광역시,수영구,광안제3동,35.1648222,129.1158556
2650079000,부산광역시,수영구,광안제4동,35.1519667,129.1136667
2650080000,부산광역시,수영구,민락동,35.1541667,129.1276778
2653000000,부산광역시,사상구,,35.1494667,128.9933333
2653058000,부산광역시,사상구,삼락동,35.1738944,128.9799667
2653059100,부산광역시,사상구,모라제1동,35.1845361,128.9896889
2653059300,부산광역시,사상구,모라제3동,35.1815583,128.9983333
2653060000,부산광역시,사상구,덕포제1동,35.1672833,128.9855306
2653061000,부산광역시,사상구,덕포제2동,35.1713806,128.9851778
2653062000,부산광역시,사상구,괘법동,35.1606722,128.9894444
2653064500,부산광역시,사상구,감전동,35.1512333,128.9817083
2653065000,부산광역시,사상구,주례제1동,35.1486194,129.0001444
2653066000,부산광역시,사상구,주례제2동,35.1469889,129.0127333
2653066100,부산광역시,사상구,주례제3동,35.1442889,129.0037222
2653067000,부산광역시,사상구,학장동,35.1409917,128.9896778
2653068000,부산광역시,사상구,엄궁동,35.1256000,128.9744444
2671000000,부산광역시,기장군,,35.2413500,129.2244750
2671025000,부산광역시,기장군,기장읍,35.2356028,129.2181778
2671025300,부산광역시,기장군,장안읍,35.3107028,129.2462889
2671025600,부산광역시,기장군,정관읍,35.3223750,129.1826778
2671025900,부산광역시,기장군,일광읍,35.2639372,129.2322825
2671033000,부산광역시,기장군,철마면,35.2721972,129.1520222
2700000000,대구광역시,,,35.8685417,128.6035528
2711000000,대구광역시,중구,,35.8662861,128.6083972
2711051700,대구광역시,중구,동인동,35.8679048,128.6091310
2711054500,대구광역시,중구,삼덕동,35.8625750,128.6111667
2711056500,대구광역시,중구,성내1동,35.8662500,128.6003556
2711057500,대구광역시,중구,성내2동,35.8653472,128.5926222
2711058500,대구광역시,중구,성내3동,35.8696111,128.5879417
2711059500,대구광역시,중구,대신동,35.8632028,128.5794444
2711064000,대구광역시,중구,남산1동,35.8563944,128.5926444
2711065000,대구광역시,중구,남산2동,35.8610611,128.5917556
2711066000,대구광역시,중구,남산3동,35.8565333,128.5871972
2711067000,대구광역시,중구,남산4동,35.8552389,128.5827194
2711068000,대구광역시,중구,대봉1동,35.8586722,128.6065750
2711069000,대구광역시,중구,대봉2동,35.8552056,128.6019528
2714000000,대구광역시,동구,,35.8836167,128.6377111
2714051000,대구광역시,동구,신암1동,35.8812778,128.6185528
2714052000,대구광역시,동구,신암2동,35.8764278,128.6165333
2714053000,대구광역시,동구,신암3동,35.8766278,128.6253750
2714054000,대구광역시,동구,신암4동,35.8820972,128.6315111
2714054100,대구광역시,동구,신암5동,35.8867250,128.6352444
2714055500,대구광역시,동구,신천1.2동,35.8671194,128.6167972
2714057000,대구광역시,동구,신천3동,35.8722667,128.6258972
2714058000,대구광역시,동구,신천4동,35.8687861,128.6314861
2714059000,대구광역시,동구,효목1동,35.8781556,128.6474667
2714060000,대구광역시,동구,효목2동,35.8746361,128.6404222
2714061500,대구광역시,동구,도평동,35.9079306,128.6559861
2714062000,대구광역시,동구,불로.봉무동,35.9072833,128.6416222
2714064000,대구광역시,동구,지저동,35.8907306,128.6404556
2714065500,대구광역시,동구,동촌동,35.8838889,128.6519000
2714067000,대구광역시,동구,방촌동,35.8770833,128.6674750
2714068500,대구광역시,동구,해안동,35.8921917,128.6843306
2714072000,대구광역시,동구,안심1동,35.8673833,128.7043306
2714073000,대구광역시,동구,안심2동,35.8724361,128.6892639
2714074200,대구광역시,동구,안심3동,35.8678684,128.7224295
2714074700,대구광역시,동구,안심4동,35.8701050,128.7110460
2714075500,대구광역시,동구,혁신동,35.8796992,128.7109768
2714076000,대구광역시,동구,공산동,35.9372222,128.6464667
2717000000,대구광역시,서구,,35.8687944,128.5614111
2717051000,대구광역시,서구,내당1동,35.8576750,128.5629639
2717052500,대구광역시,서구,내당2.3동,35.8642833,128.5766889
2717054000,대구광역시,서구,내당4동,35.8577667,128.5538083
2717055000,대구광역시,서구,비산1동,35.8781917,128.5712417
2717056500,대구광역시,서구,비산2.3동,35.8727222,128.5769750
2717058000,대구광역시,서구,비산4동,35.8667833,128.5762972
2717059000,대구광역시,서구,비산5동,35.8833778,128.5718444
2717060000,대구광역시,서구,비산6동,35.8733333,128.5713306
2717061000,대구광역시,서구,비산7동,35.8850361,128.5557417
2717062000,대구광역시,서구,평리1동,35.8726056,128.5654889
2717063000,대구광역시,서구,평리2동,35.8682639,128.5659639
2717064000,대구광역시,서구,평리3동,35.8728833,128.5635194
2717065000,대구광역시,서구,평리4동,35.8643444,128.5588889
2717066000,대구광역시,서구,평리5동,35.8708000,128.5509556
2717066100,대구광역시,서구,평리6동,35.8722417,128.5503333
2717067500,대구광역시,서구,상중이동,35.8649833,128.5464778
2717069500,대구광역시,서구,원대동,35.8837861,128.5766222
2720000000,대구광역시,남구,,35.8429778,128.5998000
2720051500,대구광역시,남구,이천동,35.8507139,128.6016667
2720053000,대구광역시,남구,봉덕1동,35.8425694,128.6001111
2720054000,대구광역시,남구,봉덕2동,35.8408556,128.6032889
2720055000,대구광역시,남구,봉덕3동,35.8386944,128.6004639
2720056000,대구광역시,남구,대명1동,35.8372806,128.5791222
2720057100,대구광역시,남구,대명2동,35.8523056,128.5888778
2720058600,대구광역시,남구,대명3동,35.8493639,128.5813222
2720059000,대구광역시,남구,대명4동,35.8449528,128.5745556
2720060000,대구광역시,남구,대명5동,35.8402611,128.5899889
2720061000,대구광역시,남구,대명6동,35.8320917,128.5680444
2720064000,대구광역시,남구,대명9동,35.8342722,128.5813972
2720065000,대구광역시,남구,대명10동,35.8370500,128.5711889
2720066000,대구광역시,남구,대명11동,35.8331639,128.5626528
2723000000,대구광역시,북구,,35.8827000,128.5850222
2723051000,대구광역시,북구,고성동,35.8789500,128.5858222
2723052600,대구광역시,북구,칠성동,35.8762111,128.6021083
2723055000,대구광역시,북구,침산1동,35.8873750,128.5833889
2723056000,대구광역시,북구,침산2동,35.8842722,128.5991750
2723057000,대구광역시,북구,침산3동,35.8891444,128.5915528
2723061000,대구광역시,북구,산격1동,35.8896528,128.5969111
2723062000,대구광역시,북구,산격2동,35.8987111,128.6114861
2723063000,대구광역시,북구,산격3동,35.8905306,128.6104972
2723063100,대구광역시,북구,산격4동,35.8893056,128.6064194
2723064500,대구광역시,북구,대현동,35.8821838,128.6058302
2723067100,대구광역시,북구,복현1동,35.8907389,128.6207528
2723067200,대구광역시,북구,복현2동,35.8924361,128.6276639
2723068000,대구광역시,북구,검단동,35.9104556,128.6294000
2723069500,대구광역시,북구,무태조야동,35.9182944,128.5994000
2723071500,대구광역시,북구,관문동,35.8986722,128.5443778
2723072500,대구광역시,북구,태전1동,35.9207222,128.5458000
2723073500,대구광역시,북구,태전2동,35.9185306,128.5510111
2723074500,대구광역시,북구,구암동,35.9373694,128.5716417
2723075000,대구광역시,북구,관음동,35.9413722,128.5496306
2723077000,대구광역시,북구,읍내동,35.9426167,128.5530778
2723078000,대구광역시,북구,동천동,35.9401222,128.5577333
2723079000,대구광역시,북구,노원동,35.8901321,128.5762125
2723080000,대구광역시,북구,국우동,35.9480283,128.5754397
2726000000,대구광역시,수성구,,35.8552083,128.6328667
2726051000,대구광역시,수성구,범어1동,35.8525000,128.6242778
2726052000,대구광역시,수성구,범어2동,35.8571139,128.6335306
2726053000,대구광역시,수성구,범어3동,35.8631639,128.6200889
2726054000,대구광역시,수성구,범어4동,35.8551472,128.6434778
2726055000,대구광역시,수성구,만촌1동,35.8699139,128.6491083
2726056000,대구광역시,수성구,만촌2동,35.8568972,128.6494194
2726056100,대구광역시,수성구,만촌3동,35.8525056,128.6527194
2726057000,대구광역시,수성구,수성1가동,35.8533944,128.6129000
2726058000,대구광역시,수성구,수성2.3가동,35.8527861,128.6213444
2726059000,대구광역시,수성구,수성4가동,35.8596833,128.6188639
2726060100,대구광역시,수성구,황금1동,35.8409611,128.6404222
2726060200,대구광역시,수성구,황금2동,35.8385556,128.6274417
2726061000,대구광역시,수성구,중동,35.8444028,128.6172222
2726062000,대구광역시,수성구,상동,35.8291583,128.6176222
2726063000,대구광역시,수성구,파동,35.8124444,128.6173111
2726064000,대구광역시,수성구,두산동,35.8263500,128.6228083
2726065100,대구광역시,수성구,지산1동,35.8218889,128.6393528
2726065200,대구광역시,수성구,지산2동,35.8201389,128.6302528
2726066100,대구광역시,수성구,범물1동,35.8148222,128.6481861
2726066200,대구광역시,수성구,범물2동,35.8146194,128.6456778
2726067000,대구광역시,수성구,고산1동,35.8341417,128.7146417
2726068000,대구광역시,수성구,고산2동,35.8403472,128.6973444
2726069000,대구광역시,수성구,고산3동,35.8412722,128.7089111
2729000000,대구광역시,달서구,,35.8269278,128.5350639
2729051500,대구광역시,달서구,성당동,35.8429415,128.5495650
2729053500,대구광역시,달서구,두류1.2동,35.8556934,128.5721980
2729055000,대구광역시,달서구,두류3동,35.8507139,128.5576444
2729055500,대구광역시,달서구,감삼동,35.8480694,128.5443778
2729056300,대구광역시,달서구,죽전동,35.8528389,128.5420000
2729056800,대구광역시,달서구,장기동,35.8403917,128.5321778
2729057100,대구광역시,달서구,용산1동,35.8537167,128.5335444
2729057200,대구광역시,달서구,용산2동,35.8554389,128.5251528
2729057600,대구광역시,달서구,이곡1동,35.8487000,128.5128000
2729057700,대구광역시,달서구,이곡2동,35.8528250,128.5030972
2729058500,대구광역시,달서구,신당동,35.8560333,128.5010444
2729059000,대구광역시,달서구,본리동,35.8391278,128.5398528
2729060100,대구광역시,달서구,월성1동,35.8166500,128.5251778
2729060200,대구광역시,달서구,월성2동,35.8279556,128.5304972
2729061500,대구광역시,달서구,진천동,35.8122000,128.5266750
2729061700,대구광역시,달서구,유천동,35.8172711,128.5140127
2729062400,대구광역시,달서구,상인1동,35.8112556,128.5471972
2729062500,대구광역시,달서구,상인2동,35.8095417,128.5385194
2729062600,대구광역시,달서구,상인3동,35.8070889,128.5524194
2729062800,대구광역시,달서구,도원동,35.8044667,128.5344000
2729063000,대구광역시,달서구,송현1동,35.8263806,128.5556194
2729064000,대구광역시,달서구,송현2동,35.8298361,128.5478194
2729065000,대구광역시,달서구,본동,35.8314861,128.5432889
2771000000,대구광역시,달성군,,35.7716806,128.4332750
2771025000,대구광역시,달성군,화원읍,35.8011167,128.5030556
2771025300,대구광역시,달성군,논공읍,35.7711000,128.4225556
2771025600,대구광역시,달성군,다사읍,35.8588333,128.4561750
2771025900,대구광역시,달성군,유가읍,35.6938760,128.4597730
2771026200,대구광역시,달성군,옥포읍,35.7866417,128.4659778
2771026500,대구광역시,달성군,현풍읍,35.6943139,128.4497861
2771031000,대구광역시,달성군,가창면,35.7998306,128.6246889
2771033000,대구광역시,달성군,하빈면,35.8979444,128.4477111
2771038000,대구광역시,달성군,구지면,35.6557639,128.4156667
2772000000,대구광역시,군위군,,36.2399972,128.5750778
2772025000,대구광역시,군위군,군위읍,36.2369194,128.5710194
2772031000,대구광역시,군위군,소보면,36.2519056,128.4776222
2772032000,대구광역시,군위군,효령면,36.1538778,128.5876778
2772033000,대구광역시,군위군,부계면,36.0979083,128.6664528
2772034000,대구광역시,군위군,우보면,36.1920361,128.6640417
2772035000,대구광역시,군위군,의흥면,36.1728750,128.7174083
2772036000,대구광역시,군위군,산성면,36.1201444,128.6971972
2772037000,대구광역시,군위군,삼국유사면,36.1180083,128.7914861
2800000000,인천광역시,,,37.4532333,126.7073528
2812500000,인천광역시,제물포구,,37.4709333,126.6235667
2812551000,인천광역시,제물포구,신포동,37.4675556,126.6271556
2812552000,인천광역시,제물포구,연안동,37.4504194,126.6066000
2812553000,인천광역시,제물포구,신흥동,37.4648722,126.6361528
2812554000,인천광역시,제물포구,도원동,37.4653056,126.6399750
2812555000,인천광역시,제물포구,율목동,37.4664611,126.6379556
2812556000,인천광역시,제물포구,동인천동,37.4740472,126.6311111
2812557000,인천광역시,제물포구,개항동,37.4725556,126.6206861
2812558000,인천광역시,제물포구,만석동,37.4804444,126.6275306
2812559000,인천광역시,제물포구,화수1.화평동,37.4787361,126.6319528
2812560000,인천광역시,제물포구,화수2동,37.4815806,126.6322222
2812561000,인천광역시,제물포구,송현1.2동,37.4733639,126.6391889
2812562000,인천광역시,제물포구,송현3동,37.4795167,126.6447222
2812563000,인천광역시,제물포구,송림1동,37.4734833,126.6423333
2812564000,인천광역시,제물포구,송림2동,37.4730250,126.6447306
2812565000,인천광역시,제물포구,송림3.5동,37.4701167,126.6486000
2812566000,인천광역시,제물포구,송림4동,37.4754611,126.6520222
2812567000,인천광역시,제물포구,송림6동,37.4745528,126.6500306
2812568000,인천광역시,제물포구,금창동,37.4697778,126.6419444
2815500000,인천광역시,영종구,,37.4897682,126.5599630
2815551000,인천광역시,영종구,영종동,37.4907472,126.5329972
2815552000,인천광역시,영종구,영종1동,37.4893250,126.5542340
2815553000,인천광역시,영종구,영종2동,37.4992837,126.5687266
2815554000,인천광역시,영종구,운서1동,37.4933271,126.4883365
2815555000,인천광역시,영종구,운서2동,37.4936995,126.4984772
2815556000,인천광역시,영종구,용유동,37.4410694,126.4044750
2817700000,인천광역시,미추홀구,,37.4606806,126.6526861
2817751000,인천광역시,미추홀구,숭의2동,37.4602528,126.6493111
2817752000,인천광역시,미추홀구,숭의1.3동,37.4672428,126.6471814
2817753000,인천광역시,미추홀구,숭의4동,37.4620444,126.6612417
2817754000,인천광역시,미추홀구,용현1.4동,37.4562382,126.6599204
2817755000,인천광역시,미추홀구,용현2동,37.4523222,126.6475306
2817756000,인천광역시,미추홀구,용현3동,37.4539083,126.6539667
2817757000,인천광역시,미추홀구,용현5동,37.4497139,126.6424194
2817758000,인천광역시,미추홀구,학익1동,37.4370833,126.6662333
2817759000,인천광역시,미추홀구,학익2동,37.4437694,126.6695083
2817760000,인천광역시,미추홀구,도화1동,37.4581000,126.6758972
2817761000,인천광역시,미추홀구,도화2.3동,37.4675264,126.6647547
2817762000,인천광역시,미추홀구,주안1동,37.4609833,126.6787000
2817763000,인천광역시,미추홀구,주안2동,37.4519139,126.6747528
2817764000,인천광역시,미추홀구,주안3동,37.4420861,126.6761111
2817765000,인천광역시,미추홀구,주안4동,37.4522944,126.6923667
2817766000,인천광역시,미추홀구,주안5동,37.4630694,126.6891083
2817767000,인천광역시,미추홀구,주안6동,37.4596583,126.6915000
2817768000,인천광역시,미추홀구,주안7동,37.4456444,126.6797111
2817769000,인천광역시,미추홀구,주안8동,37.4468250,126.6914194
2817770000,인천광역시,미추홀구,관교동,37.4414167,126.6989111
2817771000,인천광역시,미추홀구,문학동,37.4348806,126.6870972
2818500000,인천광역시,연수구,,37.4071222,126.6804417
2818563000,인천광역시,연수구,옥련1동,37.4245333,126.6571417
2818564000,인천광역시,연수구,옥련2동,37.4235000,126.6502861
2818575000,인천광역시,연수구,선학동,37.4196917,126.7034306
2818576100,인천광역시,연수구,연수1동,37.4193806,126.6837083
2818576200,인천광역시,연수구,연수2동,37.4088722,126.6839778
2818576300,인천광역시,연수구,연수3동,37.4166000,126.6941556
2818576600,인천광역시,연수구,청학동,37.4222000,126.6682194
2818578000,인천광역시,연수구,동춘1동,37.4068500,126.6729083
2818579000,인천광역시,연수구,동춘2동,37.3999167,126.6713639
2818579500,인천광역시,연수구,동춘3동,37.4056250,126.6803667
2818582000,인천광역시,연수구,송도1동,37.3910576,126.6520820
2818583000,인천광역시,연수구,송도2동,37.4032800,126.6416390
2818584000,인천광역시,연수구,송도3동,37.3816722,126.6633667
2818585000,인천광역시,연수구,송도4동,37.3881090,126.6349280
2818586000,인천광역시,연수구,송도5동,37.4139410,126.6232310
2820000000,인천광역시,남동구,,37.4445194,126.7337972
2820051000,인천광역시,남동구,구월1동,37.4496028,126.7136750
2820052000,인천광역시,남동구,구월2동,37.4532639,126.7154222
2820052100,인천광역시,남동구,구월3동,37.4499083,126.6990333
2820052200,인천광역시,남동구,구월4동,37.4468056,126.7262083
2820053000,인천광역시,남동구,간석1동,37.4558278,126.7073667
2820054000,인천광역시,남동구,간석2동,37.4589000,126.7110667
2820055000,인천광역시,남동구,간석3동,37.4633639,126.7166000
2820055100,인천광역시,남동구,간석4동,37.4637889,126.7028000
2820056000,인천광역시,남동구,만수1동,37.4459944,126.7341333
2820057000,인천광역시,남동구,만수2동,37.4564167,126.7329222
2820058000,인천광역시,남동구,만수3동,37.4591611,126.7251778
2820058100,인천광역시,남동구,만수4동,37.4566972,126.7377111
2820058200,인천광역시,남동구,만수5동,37.4552083,126.7299000
2820058300,인천광역시,남동구,만수6동,37.4409139,126.7397528
2820065000,인천광역시,남동구,장수서창동,37.4330833,126.7494528
2820065500,인천광역시,남동구,서창2동,37.4240149,126.7521618
2820066000,인천광역시,남동구,남촌도림동,37.4293778,126.7172861
2820069000,인천광역시,남동구,논현1동,37.4056898,126.7293199
2820070000,인천광역시,남동구,논현2동,37.4042243,126.7163943
2820071000,인천광역시,남동구,논현고잔동,37.4014528,126.7183417
2823700000,인천광역시,부평구,,37.5042667,126.7241000
2823751000,인천광역시,부평구,부평1동,37.4914333,126.7221083
2823752000,인천광역시,부평구,부평2동,37.4840889,126.7200417
2823753000,인천광역시,부평구,부평3동,37.4832389,126.7102861
2823754000,인천광역시,부평구,부평4동,37.4980417,126.7270000
2823755000,인천광역시,부평구,부평5동,37.4908250,126.7304750
2823756000,인천광역시,부평구,부평6동,37.4836306,126.7265333
2823757000,인천광역시,부평구,산곡1동,37.5041417,126.7023194
2823758000,인천광역시,부평구,산곡2동,37.5030500,126.7107083
2823758100,인천광역시,부평구,산곡3동,37.4879528,126.7115111
2823758200,인천광역시,부평구,산곡4동,37.4990750,126.7135444
2823759100,인천광역시,부평구,청천1동,37.5139278,126.7038972
2823759200,인천광역시,부평구,청천2동,37.5120611,126.7065333
2823764100,인천광역시,부평구,갈산1동,37.5148111,126.7293444
2823764200,인천광역시,부평구,갈산2동,37.5079556,126.7279306
2823764600,인천광역시,부평구,삼산1동,37.5156278,126.7397778
2823764800,인천광역시,부평구,삼산2동,37.5089722,126.7384861
2823765000,인천광역시,부평구,부개1동,37.4827000,126.7391083
2823766000,인천광역시,부평구,부개2동,37.4920000,126.7392222
2823766100,인천광역시,부평구,부개3동,37.5015639,126.7370000
2823767000,인천광역시,부평구,일신동,37.4815667,126.7489778
2823768000,인천광역시,부평구,십정1동,37.4729722,126.6982000
2823769000,인천광역시,부평구,십정2동,37.4710000,126.7101306
2824500000,인천광역시,계양구,,37.5347917,126.7397528
2824560100,인천광역시,계양구,효성1동,37.5296056,126.7142222
2824560200,인천광역시,계양구,효성2동,37.5222333,126.7118639
2824561100,인천광역시,계양구,계산1동,37.5401083,126.7265750
2824561200,인천광역시,계양구,계산2동,37.5446222,126.7292639
2824561300,인천광역시,계양구,계산3동,37.5339278,126.7311333
2824561400,인천광역시,계양구,계산4동,37.5317833,126.7438972
2824562100,인천광역시,계양구,작전1동,37.5279194,126.7318861
2824562200,인천광역시,계양구,작전2동,37.5300889,126.7260667
2824564000,인천광역시,계양구,작전서운동,37.5252389,126.7385528
2824571000,인천광역시,계양구,계양1동,37.5741028,126.7362417
2824572000,인천광역시,계양구,계양2동,37.5409556,126.7391667
2824573000,인천광역시,계양구,계양3동,37.5591667,126.7604000
2827500000,인천광역시,서해구,,37.5426917,126.6782000
2827551500,인천광역시,서해구,검암경서동,37.5616611,126.6757083
2827553000,인천광역시,서해구,연희동,37.5462250,126.6802667
2827553600,인천광역시,서해구,청라1동,37.5319723,126.6538340
2827553700,인천광역시,서해구,청라2동,37.5319667,126.6410139
2827553900,인천광역시,서해구,청라3동,37.5246933,126.6295261
2827554200,인천광역시,서해구,가정1동,37.5204472,126.6765333
2827554300,인천광역시,서해구,가정2동,37.5235528,126.6798333
2827554400,인천광역시,서해구,가정3동,37.5127194,126.6799194
2827555000,인천광역시,서해구,석남1동,37.5083556,126.6767972
2827556000,인천광역시,서해구,석남2동,37.4998111,126.6766972
2827556100,인천광역시,서해구,석남3동,37.5054194,126.6803750
2827557500,인천광역시,서해구,신현원창동,37.5117972,126.6743528
2827558000,인천광역시,서해구,가좌1동,37.4911139,126.6750972
2827559000,인천광역시,서해구,가좌2동,37.4880500,126.6869528
2827560000,인천광역시,서해구,가좌3동,37.4896528,126.6818778
2827561000,인천광역시,서해구,가좌4동,37.4846222,126.6856861
2829000000,인천광역시,검단구,,37.5915343,126.6815694
2829051000,인천광역시,검단구,검단동,37.5993806,126.6633750
2829052000,인천광역시,검단구,불로대곡동,37.6143611,126.6909778
2829053000,인천광역시,검단구,원당동,37.5911139,126.6998444
2829054000,인천광역시,검단구,당하동,37.5911722,126.6773111
2829055000,인천광역시,검단구,오류왕길동,37.5976910,126.6371520
2829056000,인천광역시,검단구,마전동,37.5929616,126.6613294
2829057000,인천광역시,검단구,아라1동,37.5852605,126.7092383
2829058000,인천광역시,검단구,아라2동,37.5939977,126.7156330
2871000000,인천광역시,강화군,,37.7438583,126.4900000
2871025000,인천광역시,강화군,강화읍,37.7455417,126.4855972
2871031000,인천광역시,강화군,선원면,37.7105056,126.4868861
2871032000,인천광역시,강화군,불은면,37.6838556,126.4824194
2871033000,인천광역시,강화군,길상면,37.6378250,126.4931667
2871034000,인천광역시,강화군,화도면,37.6289083,126.4222778
2871035000,인천광역시,강화군,양도면,37.6599861,126.4241556
2871036000,인천광역시,강화군,내가면,37.7166000,126.3918861
2871037000,인천광역시,강화군,하점면,37.7719389,126.4136417
2871038000,인천광역시,강화군,양사면,37.7958250,126.4102194
2871039000,인천광역시,강화군,송해면,37.7617750,126.4654417
2871040000,인천광역시,강화군,교동면,37.7774417,126.2826111
2871041000,인천광역시,강화군,삼산면,37.7006806,126.3228750
2871042000,인천광역시,강화군,서도면,37.6475806,126.2421083
2872000000,인천광역시,옹진군,,37.4437250,126.6388889
2872031000,인천광역시,옹진군,북도면,37.5296750,126.4291333
2872033000,인천광역시,옹진군,백령면,37.9741764,124.7186911
2872034000,인천광역시,옹진군,대청면,37.8256000,124.7141000
2872035000,인천광역시,옹진군,덕적면,37.2235806,126.1488889
2872036000,인천광역시,옹진군,영흥면,37.2529389,126.4859111
2872037000,인천광역시,옹진군,자월면,37.2482500,126.3132194
2872038000,인천광역시,옹진군,연평면,37.6623889,125.7041083
3000000000,대전광역시,,,36.3471194,127.3865667
3011000000,대전광역시,동구,,36.3241333,127.4348528
3011051500,대전광역시,동구,중앙동,36.3289194,127.4311000
3011053000,대전광역시,동구,효동,36.3140806,127.4438639
3011054500,대전광역시,동구,신인동,36.3234250,127.4379380
3011055100,대전광역시,동구,판암1동,36.3144028,127.4598528
3011055200,대전광역시,동구,판암2동,36.3174611,127.4595083
3011056000,대전광역시,동구,용운동,36.3251583,127.4636000
3011058500,대전광역시,동구,대동,36.3254167,127.4478667
3011059000,대전광역시,동구,자양동,36.3324611,127.4512417
3011062000,대전광역시,동구,가양1동,36.3440889,127.4435778
3011063000,대전광역시,동구,가양2동,36.3461111,127.4495083
3011064000,대전광역시,동구,용전동,36.3551056,127.4344111
3011066500,대전광역시,동구,성남동,36.3445416,127.4374361
3011067000,대전광역시,동구,홍도동,36.3440361,127.4254556
3011069500,대전광역시,동구,삼성동,36.3405954,127.4221987
3011072500,대전광역시,동구,대청동,36.3406472,127.4947306
3011074000,대전광역시,동구,산내동,36.2786250,127.4699750
3014000000,대전광역시,중구,,36.3226306,127.4231111
3014053500,대전광역시,중구,은행선화동,36.3248444,127.4204000
3014055000,대전광역시,중구,목동,36.3314500,127.4146222
3014056000,대전광역시,중구,중촌동,36.3389038,127.4124260
3014057500,대전광역시,중구,대흥동,36.3173972,127.4280306
3014060500,대전광역시,중구,문창동,36.3132722,127.4400556
3014062000,대전광역시,중구,석교동,36.3067278,127.4445333
3014063000,대전광역시,중구,대사동,36.3147139,127.4269750
3014064000,대전광역시,중구,부사동,36.3112722,127.4358222
3014065500,대전광역시,중구,용두동,36.3225694,127.4124750
3014067000,대전광역시,중구,오류동,36.3226000,127.4059222
3014068000,대전광역시,중구,태평1동,36.3232306,127.3991667
3014069000,대전광역시,중구,태평2동,36.3183250,127.3950000
3014070000,대전광역시,중구,유천1동,36.3121361,127.3973667
3014071000,대전광역시,중구,유천2동,36.3124833,127.4013306
3014072000,대전광역시,중구,문화1동,36.3124278,127.4086417
3014073000,대전광역시,중구,문화2동,36.3047889,127.4013444
3014074000,대전광역시,중구,산성동,36.3024361,127.3882194
3017000000,대전광역시,서구,,36.3524833,127.3857750
3017051000,대전광역시,서구,복수동,36.3038333,127.3759778
3017052000,대전광역시,서구,도마1동,36.3130639,127.3831861
3017053000,대전광역시,서구,도마2동,36.3098306,127.3757083
3017053500,대전광역시,서구,정림동,36.3015472,127.3688639
3017054000,대전광역시,서구,변동,36.3229167,127.3888889
3017055000,대전광역시,서구,용문동,36.3336944,127.3963889
3017055500,대전광역시,서구,탄방동,36.3436694,127.3972639
3017056000,대전광역시,서구,괴정동,36.3342583,127.3841417
3017057000,대전광역시,서구,가장동,36.3271500,127.3873528
3017057500,대전광역시,서구,내동,36.3292583,127.3795083
3017058100,대전광역시,서구,갈마1동,36.3497444,127.3699750
3017058200,대전광역시,서구,갈마2동,36.3437556,127.3770222
3017058600,대전광역시,서구,월평1동,36.3517583,127.3597306
3017058700,대전광역시,서구,월평2동,36.3606306,127.3762333
3017058800,대전광역시,서구,월평3동,36.3573611,127.3690000
3017059000,대전광역시,서구,가수원동,36.3006167,127.3514111
3017059300,대전광역시,서구,도안동,36.3236179,127.3467324
3017059600,대전광역시,서구,관저1동,36.3009111,127.3394000
3017059700,대전광역시,서구,관저2동,36.2962111,127.3372222
3017060000,대전광역시,서구,기성동,36.2529306,127.3437639
3017063000,대전광역시,서구,둔산1동,36.3495194,127.3879417
3017064000,대전광역시,서구,둔산2동,36.3508472,127.3856528
3017065000,대전광역시,서구,만년동,36.3646278,127.3771306
3017066000,대전광역시,서구,둔산3동,36.3534312,127.4000006
3020000000,대전광역시,유성구,,36.3593667,127.3583417
3020052000,대전광역시,유성구,진잠동,36.2968500,127.3186000
3020052600,대전광역시,유성구,학하동,36.3411397,127.3087298
3020052700,대전광역시,유성구,상대동,36.3467945,127.3346913
3020053000,대전광역시,유성구,온천1동,36.3502556,127.3411111
3020054000,대전광역시,유성구,온천2동,36.3572278,127.3390417
3020054600,대전광역시,유성구,노은1동,36.3653306,127.3205556
3020054700,대전광역시,유성구,노은2동,36.3885806,127.3139111
3020054800,대전광역시,유성구,노은3동,36.3867910,127.3078960
3020055000,대전광역시,유성구,신성동,36.3862500,127.3495333
3020057000,대전광역시,유성구,전민동,36.3970278,127.4025306
3020058000,대전광역시,유성구,구즉동,36.4374694,127.3859222
3020060000,대전광역시,유성구,관평동,36.4231699,127.3887774
3020061000,대전광역시,유성구,원신흥동,36.3421460,127.3432960
3023000000,대전광역시,대덕구,,36.3437944,127.4176861
3023051000,대전광역시,대덕구,오정동,36.3508333,127.4119750
3023052000,대전광역시,대덕구,대화동,36.3634500,127.4134639
3023052500,대전광역시,대덕구,회덕동,36.3733333,127.4236000
3023053300,대전광역시,대덕구,비래동,36.3520139,127.4520222
3023054300,대전광역시,대덕구,송촌동,36.3627222,127.4420333
3023054600,대전광역시,대덕구,중리동,36.3577222,127.4285528
3023055000,대전광역시,대덕구,신탄진동,36.4487889,127.4312083
3023056000,대전광역시,대덕구,석봉동,36.4451944,127.4278750
3023057000,대전광역시,대덕구,덕암동,36.4373444,127.4290750
3023058000,대전광역시,대덕구,목상동,36.4455750,127.4143306
3023060000,대전광역시,대덕구,법1동,36.3679056,127.4288972
3023061000,대전광역시,대덕구,법2동,36.3643194,127.4329083
3100000000,울산광역시,,,35.5354083,129.3136889
3111000000,울산광역시,중구,,35.5663417,129.3348750
3111051000,울산광역시,중구,학성동,35.5523194,129.3369861
3111052000,울산광역시,중구,반구1동,35.5533861,129.3439111
3111053000,울산광역시,중구,반구2동,35.5603056,129.3430972
3111055500,울산광역시,중구,복산동,35.5657934,129.3342518
3111058500,울산광역시,중구,중앙동,35.5575420,129.3240500
3111059000,울산광역시,중구,우정동,35.5517361,129.3146417
3111060000,울산광역시,중구,태화동,35.5535167,129.3067306
3111061000,울산광역시,중구,다운동,35.5533000,129.2779889
3111062000,울산광역시,중구,병영1동,35.5670111,129.3488556
3111063000,울산광역시,중구,병영2동,35.5763500,129.3482750
3111064000,울산광역시,중구,약사동,35.5673917,129.3395417
3111065000,울산광역시,중구,성안동,35.5743417,129.3096972
3114000000,울산광역시,남구,,35.5407639,129.3323861
3114051000,울산광역시,남구,신정1동,35.5382917,129.3088444
3114052000,울산광역시,남구,신정2동,35.5316111,129.3101778
3114053000,울산광역시,남구,신정3동,35.5419667,129.3187222
3114054000,울산광역시,남구,신정4동,35.5262806,129.3167778
3114055000,울산광역시,남구,신정5동,35.5418500,129.3237222
3114056000,울산광역시,남구,달동,35.5333944,129.3188444
3114057000,울산광역시,남구,삼산동,35.5413889,129.3341556
3114058500,울산광역시,남구,삼호동,35.5469444,129.2682750
3114059500,울산광역시,남구,무거동,35.5479222,129.2630111
3114060000,울산광역시,남구,옥동,35.5322444,129.2961667
3114062500,울산광역시,남구,대현동,35.5235083,129.3291222
3114063500,울산광역시,남구,수암동,35.5213583,129.3206667
3114064000,울산광역시,남구,선암동,35.5098611,129.3375000
3114067000,울산광역시,남구,야음장생포동,35.5165806,129.3412750
3117000000,울산광역시,동구,,35.5018889,129.4189528
3117051000,울산광역시,동구,방어동,35.4829750,129.4264111
3117052000,울산광역시,동구,일산동,35.4950306,129.4285444
3117053000,울산광역시,동구,화정동,35.4907000,129.4268639
3117054000,울산광역시,동구,대송동,35.5001361,129.4206444
3117055000,울산광역시,동구,전하1동,35.5137583,129.4308750
3117056000,울산광역시,동구,전하2동,35.5063028,129.4315750
3117058000,울산광역시,동구,남목1동,35.5363417,129.4231333
3117059000,울산광역시,동구,남목2동,35.5215639,129.4338889
3117060000,울산광역시,동구,남목3동,35.5429444,129.4336333
3120000000,울산광역시,북구,,35.5796889,129.3635444
3120051000,울산광역시,북구,농소1동,35.6197528,129.3583333
3120052000,울산광역시,북구,농소2동,35.6352389,129.3504750
3120053000,울산광역시,북구,농소3동,35.6256333,129.3419333
3120054000,울산광역시,북구,강동동,35.6124056,129.4506528
3120056000,울산광역시,북구,효문동,35.5747917,129.3633972
3120057000,울산광역시,북구,송정동,35.5917750,129.3598111
3120058000,울산광역시,북구,양정동,35.5429361,129.3878083
3120059000,울산광역시,북구,염포동,35.5238194,129.4013972
3171000000,울산광역시,울주군,,35.5307389,129.2971639
3171025000,울산광역시,울주군,온산읍,35.4315806,129.3168639
3171025300,울산광역시,울주군,언양읍,35.5663722,129.1280444
3171025600,울산광역시,울주군,온양읍,35.4159028,129.2830556
3171025900,울산광역시,울주군,범서읍,35.5659028,129.2324194
3171026200,울산광역시,울주군,청량읍,35.4931300,129.3060020
3171026500,울산광역시,울주군,삼남읍,35.5388225,129.1065147
3171031000,울산광역시,울주군,서생면,35.3461722,129.3285667
3171034000,울산광역시,울주군,웅촌면,35.4631306,129.2118444
3171036000,울산광역시,울주군,두동면,35.6512167,129.2035306
3171037000,울산광역시,울주군,두서면,35.6404306,129.1612000
3171038000,울산광역시,울주군,상북면,35.5875611,129.0934639
3171040000,울산광역시,울주군,삼동면,35.5190861,129.1591556
3600000000,세종특별자치시,,,36.4800121,127.2890691
3611000000,세종특별자치시,세종특별자치시,,36.4800121,127.2890691
3611025000,세종특별자치시,세종특별자치시,조치원읍,36.6045280,127.2983990
3611031000,세종특별자치시,세종특별자치시,연기면,36.5418737,127.2737741
3611032000,세종특별자치시,세종특별자치시,연동면,36.5590889,127.3268658
3611033000,세종특별자치시,세종특별자치시,부강면,36.5271120,127.3703760
3611034000,세종특별자치시,세종특별자치시,금남면,36.4638260,127.2803500
3611035000,세종특별자치시,세종특별자치시,장군면,36.4967934,127.2056006
3611036000,세종특별자치시,세종특별자치시,연서면,36.5925870,127.2716217
3611037000,세종특별자치시,세종특별자치시,전의면,36.6812513,127.1955125
3611038000,세종특별자치시,세종특별자치시,전동면,36.6560904,127.2641625
3611039000,세종특별자치시,세종특별자치시,소정면,36.7223175,127.1582525
3611051000,세종특별자치시,세종특별자치시,한솔동,36.4790361,127.2546250
3611051500,세종특별자치시,세종특별자치시,새롬동,36.4865420,127.2568990
3611051800,세종특별자치시,세종특별자치시,나성동,36.4891526,127.2643055
3611052000,세종특별자치시,세종특별자치시,도담동,36.5173111,127.2623972
3611052300,세종특별자치시,세종특별자치시,어진동,36.5017449,127.2567079
3611052500,세종특별자치시,세종특별자치시,해밀동,36.5270220,127.2680855
3611053000,세종특별자치시,세종특별자치시,아름동,36.5120417,127.2482222
3611054000,세종특별자치시,세종특별자치시,종촌동,36.5119569,127.2476120
3611055000,세종특별자치시,세종특별자치시,고운동,36.5197760,127.2368410
3611055500,세종특별자치시,세종특별자치시,소담동,36.4835223,127.3011911
3611055600,세종특별자치시,세종특별자치시,반곡동,36.4987532,127.3106783
3611056000,세종특별자치시,세종특별자치시,보람동,36.4788500,127.2904120
3611057000,세종특별자치시,세종특별자치시,대평동,36.4712699,127.2795296
3611058000,세종특별자치시,세종특별자치시,다정동,36.4939773,127.2479133
4100000000,경기도,,,37.2718444,127.0116889
4111100000,경기도,수원시장안구,,37.3010111,127.0122222
4111156000,경기도,수원시장안구,파장동,37.3055833,126.9968861
4111156600,경기도,수원시장안구,율천동,37.2947694,126.9735778
4111157100,경기도,수원시장안구,정자1동,37.2993861,126.9933750
4111157200,경기도,수원시장안구,정자2동,37.2922861,127.0026222
4111157300,경기도,수원시장안구,정자3동,37.2937778,126.9976639
4111158000,경기도,수원시장안구,영화동,37.2903167,127.0161333
4111159100,경기도,수원시장안구,송죽동,37.2976667,127.0091750
4111159700,경기도,수원시장안구,조원1동,37.2989861,127.0184972
4111159800,경기도,수원시장안구,조원2동,37.3027889,127.0118194
4111160000,경기도,수원시장안구,연무동,37.2877194,127.0236667
4111300000,경기도,수원시권선구,,37.2547333,126.9740750
4111352000,경기도,수원시권선구,세류1동,37.2593583,127.0100556
4111353000,경기도,수원시권선구,세류2동,37.2505167,127.0151306
4111354000,경기도,수원시권선구,세류3동,37.2562194,127.0140333
4111355000,경기도,수원시권선구,평동,37.2551667,126.9961333
4111356000,경기도,수원시권선구,서둔동,37.2697250,126.9880972
4111365000,경기도,수원시권선구,구운동,37.2743444,126.9735778
4111366200,경기도,수원시권선구,금곡동,37.2727402,126.9521816
4111366400,경기도,수원시권선구,호매실동,37.2662253,126.9570883
4111367000,경기도,수원시권선구,권선1동,37.2537778,127.0369750
4111368000,경기도,수원시권선구,권선2동,37.2484917,127.0317778
4111369000,경기도,수원시권선구,곡선동,37.2403861,127.0354222
4111370000,경기도,수원시권선구,입북동,37.2904222,126.9617306
4111500000,경기도,수원시팔달구,,37.2831028,127.0378333
4111565000,경기도,수원시팔달구,매교동,37.2656778,127.0162750
4111566000,경기도,수원시팔달구,매산동,37.2658889,127.0077778
4111567000,경기도,수원시팔달구,고등동,37.2704806,127.0032194
4111568000,경기도,수원시팔달구,화서1동,37.2738500,126.9968861
4111569000,경기도,수원시팔달구,화서2동,37.2805139,126.9963556
4111570000,경기도,수원시팔달구,지동,37.2792111,127.0305222
4111571000,경기도,수원시팔달구,우만1동,37.2825389,127.0314528
4111572000,경기도,수원시팔달구,우만2동,37.2751167,127.0418528
4111573000,경기도,수원시팔달구,인계동,37.2675556,127.0233889
4111574000,경기도,수원시팔달구,행궁동,37.2812528,127.0147528
4111700000,경기도,수원시영통구,,37.2563111,127.0486333
4111751000,경기도,수원시영통구,매탄1동,37.2676306,127.0425639
4111752000,경기도,수원시영통구,매탄2동,37.2672500,127.0495000
4111753000,경기도,수원시영통구,매탄3동,37.2537694,127.0451528
4111754000,경기도,수원시영통구,매탄4동,37.2622694,127.0507889
4111755000,경기도,수원시영통구,원천동,37.2708528,127.0595333
4111757000,경기도,수원시영통구,영통1동,37.2634556,127.0826444
4111758000,경기도,수원시영통구,영통2동,37.2440556,127.0584222
4111758500,경기도,수원시영통구,영통3동,37.2527740,127.0769070
4111759300,경기도,수원시영통구,망포1동,37.2378191,127.0588917
4111759600,경기도,수원시영통구,망포2동,37.2387141,127.0493384
4111760000,경기도,수원시영통구,광교1동,37.2902306,127.0476306
4111761000,경기도,수원시영통구,광교2동,37.2922056,127.0701278
4113100000,경기도,성남시수정구,,37.4474917,127.1477194
4113151000,경기도,성남시수정구,신흥1동,37.4402389,127.1432750
4113152000,경기도,성남시수정구,신흥2동,37.4458528,127.1478889
4113153000,경기도,성남시수정구,신흥3동,37.4407333,127.1510861
4113154000,경기도,성남시수정구,태평1동,37.4378583,127.1283333
4113155000,경기도,성남시수정구,태평2동,37.4448667,127.1408000
4113156000,경기도,성남시수정구,태평3동,37.4426167,127.1350222
4113156100,경기도,성남시수정구,태평4동,37.4451389,127.1434639
4113157000,경기도,성남시수정구,수진1동,37.4357222,127.1411111
4113158000,경기도,성남시수정구,수진2동,37.4345833,127.1307528
4113159000,경기도,성남시수정구,단대동,37.4466667,127.1574194
4113160000,경기도,성남시수정구,산성동,37.4494722,127.1522528
4113161000,경기도,성남시수정구,양지동,37.4521111,127.1631111
4113162000,경기도,성남시수정구,복정동,37.4627222,127.1292889
4113162500,경기도,성남시수정구,위례동,37.4682355,127.1496548
4113163000,경기도,성남시수정구,신촌동,37.4518861,127.1065194
4113164000,경기도,성남시수정구,고등동,37.4222333,127.1036417
4113165000,경기도,성남시수정구,시흥동,37.4192139,127.1102333
4113300000,경기도,성남시중원구,,37.4276694,127.1394194
4113351000,경기도,성남시중원구,성남동,37.4290750,127.1335306
4113352500,경기도,성남시중원구,중앙동,37.4439752,127.1574717
4113353000,경기도,성남시중원구,금광1동,37.4422361,127.1645333
4113354000,경기도,성남시중원구,금광2동,37.4434722,127.1661333
4113355000,경기도,성남시중원구,은행1동,37.4492472,127.1709972
4113356000,경기도,성남시중원구,은행2동,37.4543000,127.1687889
4113357000,경기도,성남시중원구,상대원1동,37.4304556,127.1664194
4113358000,경기도,성남시중원구,상대원2동,37.4361028,127.1604000
4113359000,경기도,성남시중원구,상대원3동,37.4369139,127.1675000
4113366000,경기도,성남시중원구,하대원동,37.4254806,127.1484639
4113367000,경기도,성남시중원구,도촌동,37.4161917,127.1536417
4113500000,경기도,성남시분당구,,37.3799694,127.1210194
4113551000,경기도,성남시분당구,분당동,37.3672833,127.1332000
4113552000,경기도,성남시분당구,수내1동,37.3725833,127.1201306
4113553000,경기도,성남시분당구,수내2동,37.3695528,127.1229417
4113554000,경기도,성남시분당구,수내3동,37.3639972,127.1282750
4113554500,경기도,성남시분당구,정자동,37.3614500,127.1115444
4113555000,경기도,성남시분당구,정자1동,37.3586583,127.1135861
4113556000,경기도,성남시분당구,정자2동,37.3631361,127.1173111
4113557000,경기도,성남시분당구,정자3동,37.3579639,127.1216333
4113558000,경기도,성남시분당구,서현1동,37.3798306,127.1278889
4113559000,경기도,성남시분당구,서현2동,37.3731944,127.1366667
4113560000,경기도,성남시분당구,이매1동,37.3967389,127.1292444
4113561000,경기도,성남시분당구,이매2동,37.3967556,127.1239861
4113562000,경기도,성남시분당구,야탑1동,37.4092139,127.1323194
4113563000,경기도,성남시분당구,야탑2동,37.4065750,127.1294194
4113564000,경기도,성남시분당구,야탑3동,37.4079972,127.1400222
4113565000,경기도,성남시분당구,판교동,37.3792472,127.1032000
4113565500,경기도,성남시분당구,삼평동,37.4060718,127.1163879
4113565700,경기도,성남시분당구,백현동,37.3885291,127.1108405
4113566200,경기도,성남시분당구,금곡동,37.3516471,127.1070525
4113566500,경기도,성남시분당구,구미1동,37.3493650,127.1117630
4113567000,경기도,성남시분당구,구미동,37.3367556,127.1230306
4113568000,경기도,성남시분당구,운중동,37.3920417,127.0803667
4115000000,경기도,의정부시,,37.7352889,127.0358417
4115051000,경기도,의정부시,의정부1동,37.7437028,127.0498444
4115052000,경기도,의정부시,의정부2동,37.7380056,127.0449333
4115054500,경기도,의정부시,호원1동,37.7091944,127.0508222
4115055500,경기도,의정부시,호원2동,37.7237444,127.0451972
4115056100,경기도,의정부시,장암동,37.7235972,127.0563444
4115056700,경기도,의정부시,신곡1동,37.7287444,127.0589194
4115056800,경기도,의정부시,신곡2동,37.7408722,127.0600556
4115057300,경기도,의정부시,송산1동,37.7311223,127.0867647
4115057600,경기도,의정부시,송산2동,37.7369222,127.0921778
4115057800,경기도,의정부시,송산3동,37.7553122,127.1117084
4115058000,경기도,의정부시,자금동,37.7475306,127.0602861
4115059500,경기도,의정부시,가능동,37.7462611,127.0444333
4115061500,경기도,의정부시,흥선동,37.7463060,127.0306220
4115062000,경기도,의정부시,녹양동,37.7573611,127.0344194
4115063000,경기도,의정부시,고산동,37.7315011,127.1080608
4117100000,경기도,안양시만안구,,37.3837778,126.9345000
4117151000,경기도,안양시만안구,안양1동,37.3963389,126.9281333
4117152000,경기도,안양시만안구,안양2동,37.4022250,126.9198667
4117153000,경기도,안양시만안구,안양3동,37.3932306,126.9167972
4117154000,경기도,안양시만안구,안양4동,37.3935861,126.9198861
4117155000,경기도,안양시만안구,안양5동,37.3915333,126.9230639
4117156000,경기도,안양시만안구,안양6동,37.3872167,126.9326444
4117157000,경기도,안양시만안구,안양7동,37.3897000,126.9379556
4117158000,경기도,안양시만안구,안양8동,37.3814361,126.9342222
4117158100,경기도,안양시만안구,안양9동,37.3886583,126.9105639
4117159000,경기도,안양시만안구,석수1동,37.4167472,126.9126972
4117160000,경기도,안양시만안구,석수2동,37.4142806,126.9094333
4117161100,경기도,안양시만안구,충훈동,37.4091971,126.8994408
4117164000,경기도,안양시만안구,박달동,37.4036636,126.9091191
4117165000,경기도,안양시만안구,호현동,37.4019527,126.9047108
4117300000,경기도,안양시동안구,,37.3897000,126.9533556
4117351000,경기도,안양시동안구,비산1동,37.3969833,126.9355444
4117352000,경기도,안양시동안구,비산2동,37.3942556,126.9435778
4117353000,경기도,안양시동안구,비산3동,37.4015750,126.9468861
4117354000,경기도,안양시동안구,부흥동,37.3908444,126.9493528
4117354600,경기도,안양시동안구,달안동,37.3932639,126.9522639
4117355200,경기도,안양시동안구,관양동,37.4061363,126.9614648
4117355900,경기도,안양시동안구,인덕원동,37.4022669,126.9709794
4117356600,경기도,안양시동안구,부림동,37.3959250,126.9615667
4117357000,경기도,안양시동안구,평촌동,37.3865833,126.9757750
4117357600,경기도,안양시동안구,평안동,37.3875917,126.9663444
4117357800,경기도,안양시동안구,귀인동,37.3826944,126.9715333
4117358000,경기도,안양시동안구,호계1동,37.3680833,126.9603417
4117359000,경기도,안양시동안구,호계2동,37.3784056,126.9546639
4117360000,경기도,안양시동안구,호계3동,37.3646722,126.9609222
4117361000,경기도,안양시동안구,범계동,37.3869472,126.9545889
4117362000,경기도,안양시동안구,신촌동,37.3791778,126.9584861
4117363000,경기도,안양시동안구,갈산동,37.3733389,126.9682417
4119200000,경기도,부천시원미구,,37.4965925,126.7869970
4119251000,경기도,부천시원미구,심곡1동,37.4909202,126.7805876
4119252000,경기도,부천시원미구,심곡2동,37.4873753,126.7870402
4119253000,경기도,부천시원미구,심곡3동,37.4874094,126.7738589
4119254000,경기도,부천시원미구,원미1동,37.4943994,126.7887023
4119255000,경기도,부천시원미구,원미2동,37.4919456,126.7882710
4119256000,경기도,부천시원미구,소사동,37.4858818,126.7946454
4119257000,경기도,부천시원미구,역곡1동,37.4892406,126.8166911
4119258000,경기도,부천시원미구,역곡2동,37.4860801,126.8066810
4119259000,경기도,부천시원미구,춘의동,37.5026881,126.7859025
4119260000,경기도,부천시원미구,도당동,37.5162595,126.7859175
4119261000,경기도,부천시원미구,약대동,37.5132993,126.7713150
4119262000,경기도,부천시원미구,중동,37.4878083,126.7681843
4119263000,경기도,부천시원미구,중1동,37.4978519,126.7714413
4119264000,경기도,부천시원미구,중2동,37.4939745,126.7698869
4119265000,경기도,부천시원미구,중3동,37.5037435,126.7780507
4119266000,경기도,부천시원미구,중4동,37.5060290,126.7625805
4119267000,경기도,부천시원미구,상동,37.4948980,126.7607952
4119268000,경기도,부천시원미구,상1동,37.4918099,126.7531553
4119269000,경기도,부천시원미구,상2동,37.5005387,126.7543904
4119270000,경기도,부천시원미구,상3동,37.5081925,126.7510345
4119400000,경기도,부천시소사구,,37.4800389,126.7999413
4119451000,경기도,부천시소사구,심곡본1동,37.4824522,126.7789560
4119452000,경기도,부천시소사구,심곡본동,37.4807040,126.7800324
4119453000,경기도,부천시소사구,소사본동,37.4762187,126.7921536
4119454000,경기도,부천시소사구,소사본1동,37.4728411,126.7980443
4119455000,경기도,부천시소사구,범박동,37.4705945,126.8097448
4119456000,경기도,부천시소사구,옥길동,37.4669113,126.8225700
4119457000,경기도,부천시소사구,괴안동,37.4783903,126.8068817
4119458000,경기도,부천시소사구,역곡3동,37.4825967,126.8102373
4119459000,경기도,부천시소사구,송내1동,37.4840696,126.7561007
4119460000,경기도,부천시소사구,송내2동,37.4825425,126.7696026
4119600000,경기도,부천시오정구,,37.5283482,126.7958131
4119651000,경기도,부천시오정구,성곡동,37.5166730,126.8035112
4119652000,경기도,부천시오정구,원종1동,37.5259475,126.8054582
4119653000,경기도,부천시오정구,원종2동,37.5251553,126.7991393
4119654000,경기도,부천시오정구,고강본동,37.5270455,126.8248515
4119655000,경기도,부천시오정구,고강1동,37.5294608,126.8120108
4119656000,경기도,부천시오정구,오정동,37.5288461,126.7907377
4119657000,경기도,부천시오정구,신흥동,37.5204369,126.7733237
4121000000,경기도,광명시,,37.4757500,126.8667083
4121051000,경기도,광명시,광명1동,37.4858194,126.8647222
4121052000,경기도,광명시,광명2동,37.4805583,126.8579889
4121054000,경기도,광명시,광명3동,37.4774000,126.8590000
4121055000,경기도,광명시,광명4동,37.4742917,126.8584222
4121056000,경기도,광명시,광명5동,37.4759667,126.8492639
4121057000,경기도,광명시,광명6동,37.4688472,126.8510667
4121058000,경기도,광명시,광명7동,37.4665333,126.8556444
4121059000,경기도,광명시,철산1동,37.4880222,126.8699556
4121060000,경기도,광명시,철산2동,37.4818750,126.8687083
4121061000,경기도,광명시,철산3동,37.4780944,126.8724333
4121062000,경기도,광명시,철산4동,37.4712778,126.8666000
4121063100,경기도,광명시,하안1동,37.4623389,126.8712417
4121063200,경기도,광명시,하안2동,37.4619139,126.8768528
4121063300,경기도,광명시,하안3동,37.4559417,126.8837750
4121063400,경기도,광명시,하안4동,37.4629278,126.8798667
4121064000,경기도,광명시,소하1동,37.4458194,126.8875083
4121065000,경기도,광명시,소하2동,37.4374444,126.8798194
4121065500,경기도,광명시,일직동,37.4186402,126.8828502
4121066000,경기도,광명시,학온동,37.4128611,126.8534222
4122000000,경기도,평택시,,36.9894389,127.1146556
4122025000,경기도,평택시,팽성읍,36.9623722,127.0644667
4122025300,경기도,평택시,안중읍,36.9828528,126.9338083
4122025600,경기도,평택시,포승읍,36.9800472,126.8874556
4122025900,경기도,평택시,청북읍,37.0370833,126.9361000
4122031000,경기도,평택시,진위면,37.0972500,127.0929556
4122032000,경기도,평택시,서탄면,37.1054000,127.0374194
4122033000,경기도,평택시,고덕면,37.0394361,127.0198000
4122034000,경기도,평택시,오성면,37.0048389,126.9826444
4122037000,경기도,평택시,현덕면,36.9644833,126.9236333
4122051000,경기도,평택시,중앙동,37.0525139,127.0580972
4122052000,경기도,평택시,서정동,37.0633278,127.0579222
4122053500,경기도,평택시,송탄동,37.0397667,127.0883889
4122055000,경기도,평택시,지산동,37.0748444,127.0597306
4122056000,경기도,평택시,송북동,37.0787528,127.0623667
4122057000,경기도,평택시,신장1동,37.0797972,127.0554000
4122058000,경기도,평택시,신장2동,37.0735889,127.0545556
4122059000,경기도,평택시,신평동,36.9871972,127.0947528
4122060000,경기도,평택시,원평동,36.9864806,127.0826111
4122061000,경기도,평택시,통복동,36.9980139,127.0894528
4122062000,경기도,평택시,비전1동,36.9976833,127.0973194
4122063000,경기도,평택시,비전2동,36.9932333,127.1053194
4122063500,경기도,평택시,용이동,36.9977117,127.1330713
4122064000,경기도,평택시,세교동,36.9971028,127.0845333
4122065000,경기도,평택시,동삭동,37.0152151,127.1034621
4122066000,경기도,평택시,고덕동,37.0405338,127.0504134
4125000000,경기도,동두천시,,37.9009167,127.0626528
4125051000,경기도,동두천시,생연1동,37.9046917,127.0682417
4125052000,경기도,동두천시,생연2동,37.8988389,127.0511111
4125053500,경기도,동두천시,중앙동,37.9049917,127.0553083
4125055000,경기도,동두천시,보산동,37.9149083,127.0634306
4125056500,경기도,동두천시,불현동,37.8958028,127.0646639
4125056600,경기도,동두천시,송내동,37.8875611,127.0566333
4125058000,경기도,동두천시,소요동,37.9266972,127.0592083
4125060000,경기도,동두천시,상패동,37.9032083,127.0467778
4127100000,경기도,안산시상록구,,37.2985194,126.8468194
4127151000,경기도,안산시상록구,일동,37.3126250,126.8737972
4127151500,경기도,안산시상록구,이동,37.3027389,126.8627667
4127152500,경기도,안산시상록구,사동,37.2970330,126.8510130
4127153200,경기도,안산시상록구,사이동,37.2897610,126.8518730
4127153700,경기도,안산시상록구,해양동,37.2947550,126.8200490
4127154000,경기도,안산시상록구,본오1동,37.2864083,126.8665861
4127155000,경기도,안산시상록구,본오2동,37.2934583,126.8743306
4127156000,경기도,안산시상록구,본오3동,37.2984917,126.8658417
4127157000,경기도,안산시상록구,부곡동,37.3291361,126.8631778
4127158000,경기도,안산시상록구,월피동,37.3306972,126.8587556
4127159000,경기도,안산시상록구,성포동,37.3179000,126.8515194
4127160000,경기도,안산시상록구,반월동,37.3031889,126.9043306
4127161000,경기도,안산시상록구,안산동,37.3589000,126.8754222
4127300000,경기도,안산시단원구,,37.3167278,126.8144194
4127351000,경기도,안산시단원구,와동,37.3386139,126.8275972
4127352500,경기도,안산시단원구,고잔동,37.3271490,126.8190660
4127353200,경기도,안산시단원구,중앙동,37.3237300,126.8376210
4127353500,경기도,안산시단원구,호수동,37.3075389,126.8266000
4127354500,경기도,안산시단원구,원곡동,37.3332830,126.7907680
4127355500,경기도,안산시단원구,백운동,37.3315840,126.8017590
4127356500,경기도,안산시단원구,신길동,37.3302870,126.7861150
4127357000,경기도,안산시단원구,초지동,37.3219722,126.8106667
4127358000,경기도,안산시단원구,선부1동,37.3314083,126.8063889
4127359000,경기도,안산시단원구,선부2동,37.3357417,126.8047222
4127360000,경기도,안산시단원구,선부3동,37.3421917,126.8146222
4127361000,경기도,안산시단원구,대부동,37.2408806,126.5872861
4128100000,경기도,고양시덕양구,,37.6345833,126.8341972
4128151000,경기도,고양시덕양구,주교동,37.6566778,126.8317222
4128152000,경기도,고양시덕양구,원신동,37.6747250,126.8780861
4128153000,경기도,고양시덕양구,흥도동,37.6421528,126.8565000
4128154000,경기도,고양시덕양구,성사1동,37.6516889,126.8434861
4128155000,경기도,고양시덕양구,성사2동,37.6501389,126.8350556
4128156000,경기도,고양시덕양구,효자동,37.6490222,126.9226778
4128157600,경기도,고양시덕양구,삼송1동,37.6525727,126.8937478
4128157700,경기도,고양시덕양구,삼송2동,37.6507607,126.8701519
4128158000,경기도,고양시덕양구,창릉동,37.6427806,126.8890667
4128159000,경기도,고양시덕양구,고양동,37.7005472,126.9059444
4128160000,경기도,고양시덕양구,관산동,37.6852306,126.8646778
4128161000,경기도,고양시덕양구,능곡동,37.6223028,126.8194194
4128162100,경기도,고양시덕양구,화정1동,37.6418083,126.8356194
4128162200,경기도,고양시덕양구,화정2동,37.6277472,126.8379639
4128163000,경기도,고양시덕양구,행주동,37.6155944,126.8274556
4128164000,경기도,고양시덕양구,행신1동,37.6194917,126.8380111
4128165000,경기도,고양시덕양구,행신2동,37.6123028,126.8351222
4128165500,경기도,고양시덕양구,행신3동,37.6237528,126.8409222
4128165600,경기도,고양시덕양구,행신4동,37.6185584,126.8450311
4128166000,경기도,고양시덕양구,화전동,37.5972861,126.8747306
4128167000,경기도,고양시덕양구,대덕동,37.5826611,126.8774194
4128500000,경기도,고양시일산동구,,37.6559083,126.7770556
4128551000,경기도,고양시일산동구,식사동,37.6711917,126.8120972
4128552500,경기도,고양시일산동구,중산1동,37.6917935,126.7804336
4128552600,경기도,고양시일산동구,중산2동,37.6744599,126.7859823
4128553000,경기도,고양시일산동구,정발산동,37.6696639,126.7819528
4128554000,경기도,고양시일산동구,풍산동,37.6612722,126.8020000
4128555100,경기도,고양시일산동구,백석1동,37.6468750,126.7945750
4128555200,경기도,고양시일산동구,백석2동,37.6401417,126.7888556
4128556000,경기도,고양시일산동구,마두1동,37.6530333,126.7918639
4128557000,경기도,고양시일산동구,마두2동,37.6508028,126.7865667
4128558000,경기도,고양시일산동구,장항1동,37.6388222,126.7725639
4128559000,경기도,고양시일산동구,장항2동,37.6470944,126.7804000
4128560000,경기도,고양시일산동구,고봉동,37.6991083,126.8293111
4128700000,경기도,고양시일산서구,,37.6724861,126.7527778
4128751000,경기도,고양시일산서구,일산1동,37.6843500,126.7706667
4128752000,경기도,고양시일산서구,일산2동,37.6817972,126.7793528
4128753000,경기도,고양시일산서구,일산3동,37.6741861,126.7723444
4128754500,경기도,고양시일산서구,탄현1동,37.6943248,126.7684188
4128754600,경기도,고양시일산서구,탄현2동,37.7021753,126.7676630
4128755000,경기도,고양시일산서구,주엽1동,37.6673306,126.7654417
4128756000,경기도,고양시일산서구,주엽2동,37.6712778,126.7624667
4128757000,경기도,고양시일산서구,대화동,37.6801528,126.7572222
4128758000,경기도,고양시일산서구,송포동,37.6687000,126.7376111
4128760000,경기도,고양시일산서구,덕이동,37.6909131,126.7543053
4128761000,경기도,고양시일산서구,가좌동,37.6845027,126.7209308
4129000000,경기도,과천시,,37.4263722,126.9898000
4129051000,경기도,과천시,중앙동,37.4332861,126.9948000
4129051500,경기도,과천시,원문동,37.4193758,126.9891296
4129052000,경기도,과천시,갈현동,37.4147005,126.9793987
4129053000,경기도,과천시,별양동,37.4214361,126.9958889
4129054000,경기도,과천시,부림동,37.4306972,127.0006667
4129055000,경기도,과천시,과천동,37.4455583,126.9975306
4129056000,경기도,과천시,문원동,37.4272944,127.0045667
4131000000,경기도,구리시,,37.5916250,127.1318639
4131051000,경기도,구리시,갈매동,37.6322833,127.1183750
4131052000,경기도,구리시,동구동,37.6089944,127.1415000
4131053000,경기도,구리시,인창동,37.6017139,127.1371083
4131054100,경기도,구리시,교문1동,37.5984250,127.1298861
4131054200,경기도,구리시,교문2동,37.5842222,127.1363778
4131057000,경기도,구리시,수택1동,37.5937000,127.1512889
4131058000,경기도,구리시,수택2동,37.5904194,127.1421556
4131059000,경기도,구리시,수택3동,37.5890306,127.1430861
4136000000,경기도,남양주시,,37.6331778,127.2186333
4136025000,경기도,남양주시,와부읍,37.5850028,127.2133083
4136025300,경기도,남양주시,진접읍,37.7236139,127.1919667
4136025600,경기도,남양주시,화도읍,37.6496194,127.3108333
4136025900,경기도,남양주시,진건읍,37.6541444,127.1815528
4136026200,경기도,남양주시,오남읍,37.6961750,127.2066667
4136026500,경기도,남양주시,퇴계원읍,37.6465833,127.1467222
4136031000,경기도,남양주시,별내면,37.6614083,127.1205444
4136034000,경기도,남양주시,수동면,37.7007833,127.3282333
4136036000,경기도,남양주시,조안면,37.5330667,127.3055444
4136051000,경기도,남양주시,호평동,37.6517472,127.2511333
4136052000,경기도,남양주시,평내동,37.6456972,127.2381778
4136053000,경기도,남양주시,금곡동,37.6292833,127.2078889
4136054000,경기도,남양주시,양정동,37.6135278,127.1892778
4136054500,경기도,남양주시,다산1동,37.6044306,127.1610444
4136056500,경기도,남양주시,다산2동,37.6065972,127.1705972
4136057000,경기도,남양주시,별내동,37.6461610,127.1218680
4137000000,경기도,오산시,,37.1469139,127.0796417
4137051000,경기도,오산시,중앙동,37.1463833,127.0726444
4137052300,경기도,오산시,대원1동,37.1386514,127.0717587
4137052600,경기도,오산시,대원2동,37.1320420,127.0790282
4137053000,경기도,오산시,남촌동,37.1517500,127.0655306
4137054300,경기도,오산시,신장1동,37.1766402,127.0545547
4137054600,경기도,오산시,신장2동,37.1697619,127.0654209
4137055000,경기도,오산시,세마동,37.1838722,127.0404639
4137056000,경기도,오산시,초평동,37.1370083,127.0427333
4139000000,경기도,시흥시,,37.3773194,126.8050778
4139051000,경기도,시흥시,대야동,37.4402361,126.7905972
4139052000,경기도,시흥시,신천동,37.4355778,126.7871306
4139053100,경기도,시흥시,신현동,37.4033528,126.7867222
4139054000,경기도,시흥시,은행동,37.4335028,126.8000778
4139055000,경기도,시흥시,매화동,37.4148556,126.8176778
4139057000,경기도,시흥시,목감동,37.3817222,126.8594194
4139058100,경기도,시흥시,군자동,37.3370972,126.7871556
4139058200,경기도,시흥시,월곶동,37.3885833,126.7397944
4139058900,경기도,시흥시,정왕본동,37.3425000,126.7502444
4139059100,경기도,시흥시,정왕1동,37.3371833,126.7459778
4139059200,경기도,시흥시,정왕2동,37.3481861,126.7309222
4139059300,경기도,시흥시,정왕3동,37.3549250,126.7283889
4139059400,경기도,시흥시,정왕4동,37.3627556,126.7344528
4139059600,경기도,시흥시,배곧1동,37.3717000,126.7357000
4139059700,경기도,시흥시,배곧2동,37.3683580,126.7308900
4139062100,경기도,시흥시,과림동,37.4340056,126.8349556
4139063000,경기도,시흥시,연성동,37.3788250,126.8055556
4139063100,경기도,시흥시,장곡동,37.3795639,126.7833389
4139064000,경기도,시흥시,능곡동,37.3663183,126.8158456
4139065000,경기도,시흥시,거북섬동,37.3210638,126.6836646
4141000000,경기도,군포시,,37.3586583,126.9375000
4141051000,경기도,군포시,군포1동,37.3508111,126.9475778
4141052000,경기도,군포시,군포2동,37.3436056,126.9451528
4141054000,경기도,군포시,산본1동,37.3705333,126.9406194
4141055000,경기도,군포시,산본2동,37.3671972,126.9348111
4141056000,경기도,군포시,금정동,37.3625556,126.9413778
4141057000,경기도,군포시,재궁동,37.3556972,126.9411750
4141058000,경기도,군포시,오금동,37.3482139,126.9316417
4141059000,경기도,군포시,수리동,37.3532139,126.9231333
4141060000,경기도,군포시,궁내동,37.3568083,126.9238972
4141061000,경기도,군포시,대야동,37.3274417,126.9174556
4141062000,경기도,군포시,광정동,37.3592389,126.9300306
4141063000,경기도,군포시,송부동,37.3162000,126.9238000
4143000000,경기도,의왕시,,37.3419500,126.9703889
4143051000,경기도,의왕시,고천동,37.3450694,126.9779750
4143052000,경기도,의왕시,부곡동,37.3158806,126.9589111
4143053000,경기도,의왕시,오전동,37.3506944,126.9736417
4143054000,경기도,의왕시,내손1동,37.3839278,126.9773333
4143055000,경기도,의왕시,내손2동,37.3839444,126.9831111
4143056000,경기도,의왕시,청계동,37.3857583,126.9980556
4145000000,경기도,하남시,,37.5364972,127.2170000
4145051000,경기도,하남시,천현동,37.5164528,127.2261889
4145052000,경기도,하남시,신장1동,37.5359500,127.2117222
4145053000,경기도,하남시,신장2동,37.5389167,127.2161333
4145054000,경기도,하남시,덕풍1동,37.5307222,127.2026972
4145055000,경기도,하남시,덕풍2동,37.5394750,127.2002528
4145056000,경기도,하남시,덕풍3동,37.5410444,127.2088639
4145058000,경기도,하남시,감북동,37.5134306,127.1638778
4145058200,경기도,하남시,감일동,37.5091585,127.1583293
4145058500,경기도,하남시,위례동,37.4771641,127.1525020
4145059000,경기도,하남시,춘궁동,37.5194056,127.1962000
4145060000,경기도,하남시,초이동,37.5337194,127.1729083
4145061000,경기도,하남시,미사1동,37.5663556,127.1960667
4145062000,경기도,하남시,미사2동,37.5670444,127.1859139
4145063000,경기도,하남시,미사3동,37.5490193,127.1850649
4146100000,경기도,용인시처인구,,37.2314778,127.2038444
4146125000,경기도,용인시처인구,포곡읍,37.2750611,127.2329417
4146125300,경기도,용인시처인구,모현읍,37.3266500,127.2445972
4146125600,경기도,용인시처인구,이동읍,37.1381972,127.1983000
4146125900,경기도,용인시처인구,남사읍,37.1128861,127.1526972
4146126200,경기도,용인시처인구,양지읍,37.2354851,127.2798510
4146134000,경기도,용인시처인구,원삼면,37.1635194,127.3151222
4146135000,경기도,용인시처인구,백암면,37.1605139,127.3775556
4146151000,경기도,용인시처인구,중앙동,37.2312556,127.2074417
4146152500,경기도,용인시처인구,역북동,37.2345580,127.1881419
4146152600,경기도,용인시처인구,삼가동,37.2494383,127.1658531
4146153500,경기도,용인시처인구,유림1동,37.2524490,127.2116825
4146153600,경기도,용인시처인구,유림2동,37.2476753,127.2217963
4146154000,경기도,용인시처인구,동부동,37.2300278,127.2214667
4146300000,경기도,용인시기흥구,,37.2775972,127.1167889
4146351000,경기도,용인시기흥구,신갈동,37.2697222,127.1090194
4146351600,경기도,용인시기흥구,영덕1동,37.2775564,127.0737819
4146351700,경기도,용인시기흥구,영덕2동,37.2665445,127.0896298
4146352000,경기도,용인시기흥구,구갈동,37.2699833,127.1294333
4146353000,경기도,용인시기흥구,상갈동,37.2589361,127.1073861
4146353500,경기도,용인시기흥구,보라동,37.2539456,127.1061208
4146354000,경기도,용인시기흥구,기흥동,37.2402889,127.1049417
4146355000,경기도,용인시기흥구,서농동,37.2440056,127.0757000
4146356000,경기도,용인시기흥구,구성동,37.2939778,127.1211194
4146357000,경기도,용인시기흥구,마북동,37.3011306,127.1255556
4146357200,경기도,용인시기흥구,동백1동,37.2770728,127.1283587
4146357500,경기도,용인시기흥구,동백2동,37.2771385,127.1283587
4146357700,경기도,용인시기흥구,동백3동,37.2811604,127.1473857
4146358600,경기도,용인시기흥구,상하동,37.2715750,127.1431111
4146359000,경기도,용인시기흥구,보정동,37.3167389,127.1165111
4146500000,경기도,용인시수지구,,37.3193861,127.1000972
4146551000,경기도,용인시수지구,풍덕천1동,37.3251222,127.0971556
4146552000,경기도,용인시수지구,풍덕천2동,37.3165806,127.0908972
4146553000,경기도,용인시수지구,신봉동,37.3223806,127.0754639
4146554000,경기도,용인시수지구,죽전1동,37.3281944,127.1159222
4146555000,경기도,용인시수지구,죽전2동,37.3320417,127.1116222
4146555500,경기도,용인시수지구,죽전3동,37.3279888,127.1141824
4146556000,경기도,용인시수지구,동천동,37.3388722,127.1011528
4146557000,경기도,용인시수지구,상현1동,37.3018333,127.0833083
4146558000,경기도,용인시수지구,상현2동,37.3066333,127.0880861
4146558500,경기도,용인시수지구,상현3동,37.2996074,127.0727178
4146559000,경기도,용인시수지구,성복동,37.3103306,127.0832333
4148000000,경기도,파주시,,37.7570833,126.7819528
4148025000,경기도,파주시,문산읍,37.8502278,126.7862000
4148025300,경기도,파주시,파주읍,37.8302361,126.8186194
4148025600,경기도,파주시,법원읍,37.8463639,126.8845750
4148026200,경기도,파주시,조리읍,37.7420444,126.8070667
4148031000,경기도,파주시,월롱면,37.7932667,126.7923528
4148032000,경기도,파주시,탄현면,37.7997167,126.7182889
4148035000,경기도,파주시,광탄면,37.7732333,126.8533083
4148036000,경기도,파주시,파평면,37.9192500,126.8401306
4148037000,경기도,파주시,적성면,37.9517139,126.9198528
4148039000,경기도,파주시,장단면,37.8715833,126.7107528
4148051000,경기도,파주시,금촌1동,37.7635167,126.7781861
4148052000,경기도,파주시,금촌2동,37.7488389,126.7794750
4148053000,경기도,파주시,금촌3동,37.7714508,126.7783690
4148054000,경기도,파주시,교하동,37.7530243,126.7469108
4148055000,경기도,파주시,운정1동,37.7241805,126.7512624
4148056000,경기도,파주시,운정2동,37.7239690,126.7515577
4148057000,경기도,파주시,운정3동,37.7241871,126.7512633
4148058000,경기도,파주시,운정4동,37.7189985,126.7687050
4148059000,경기도,파주시,운정5동,37.7202694,126.7107984
4148060000,경기도,파주시,운정6동,37.7126457,126.7204368
4150000000,경기도,이천시,,37.2754361,127.4432194
4150025000,경기도,이천시,장호원읍,37.1120583,127.6189528
4150025300,경기도,이천시,부발읍,37.2808333,127.4888889
4150031000,경기도,이천시,신둔면,37.3034583,127.4061750
4150032000,경기도,이천시,백사면,37.3361917,127.4929083
4150033000,경기도,이천시,호법면,37.2203222,127.4270222
4150034000,경기도,이천시,마장면,37.2461111,127.3602333
4150035000,경기도,이천시,대월면,37.2270417,127.4945000
4150036000,경기도,이천시,모가면,37.1688583,127.4822861
4150037000,경기도,이천시,설성면,37.1296639,127.5240111
4150038000,경기도,이천시,율면,37.0914278,127.5485444
4150051000,경기도,이천시,창전동,37.2800639,127.4432417
4150051500,경기도,이천시,증포동,37.2875389,127.4547528
4150052000,경기도,이천시,중리동,37.2753861,127.4441000
4150053000,경기도,이천시,관고동,37.2797972,127.4427333
4155000000,경기도,안성시,,37.0051750,127.2818444
4155025000,경기도,안성시,공도읍,36.9958722,127.1738889
4155031000,경기도,안성시,보개면,37.0202556,127.2930861
4155032000,경기도,안성시,금광면,36.9942917,127.3197528
4155033000,경기도,안성시,서운면,36.9402000,127.2613889
4155034000,경기도,안성시,미양면,36.9724167,127.2174083
4155035000,경기도,안성시,대덕면,37.0095528,127.2399750
4155036000,경기도,안성시,양성면,37.0569750,127.1966750
4155038000,경기도,안성시,원곡면,37.0368806,127.1316417
4155039000,경기도,안성시,일죽면,37.0876583,127.4792639
4155040000,경기도,안성시,죽산면,37.0757056,127.4245083
4155041000,경기도,안성시,삼죽면,37.0701694,127.3769528
4155042000,경기도,안성시,고삼면,37.0798722,127.2654639
4155051000,경기도,안성시,안성1동,37.0028222,127.2763972
4155052000,경기도,안성시,안성2동,36.9977389,127.2721972
4155053000,경기도,안성시,안성3동,37.0113056,127.2598750
4157000000,경기도,김포시,,37.6124583,126.7177778
4157025000,경기도,김포시,통진읍,37.6889500,126.5993778
4157025300,경기도,김포시,고촌읍,37.6038680,126.7727770
4157025600,경기도,김포시,양촌읍,37.6574640,126.6253690
4157034000,경기도,김포시,대곶면,37.6463667,126.5839306
4157035000,경기도,김포시,월곶면,37.7142639,126.5546778
4157036000,경기도,김포시,하성면,37.7173722,126.6333417
4157051500,경기도,김포시,김포본동,37.6246389,126.7077444
4157052500,경기도,김포시,장기본동,37.6496472,126.6739444
4157054000,경기도,김포시,사우동,37.6165389,126.7191333
4157055000,경기도,김포시,풍무동,37.6020250,126.7259111
4157056000,경기도,김포시,장기동,37.6397300,126.6713378
4157057000,경기도,김포시,구래동,37.6464615,126.6237155
4157057500,경기도,김포시,마산동,37.6412650,126.6438230
4157058000,경기도,김포시,운양동,37.6516611,126.6837083
4159100000,경기도,화성시만세구,,37.1377014,126.9256620
4159125000,경기도,화성시만세구,우정읍,37.0898335,126.8152955
4159125300,경기도,화성시만세구,향남읍,37.1324358,126.9203468
4159125600,경기도,화성시만세구,남양읍,37.1930230,126.8213208
4159131000,경기도,화성시만세구,마도면,37.2054787,126.7696365
4159132000,경기도,화성시만세구,송산면,37.2178117,126.7391620
4159133000,경기도,화성시만세구,서신면,37.1665746,126.7087277
4159134000,경기도,화성시만세구,팔탄면,37.1622629,126.9048577
4159135000,경기도,화성시만세구,장안면,37.0797654,126.8313233
4159136000,경기도,화성시만세구,양감면,37.0815646,126.9454910
4159151000,경기도,화성시만세구,새솔동,37.2812832,126.8186823
4159300000,경기도,화성시효행구,,37.2091849,126.9591460
4159325000,경기도,화성시효행구,봉담읍,37.2200727,126.9495378
4159331000,경기도,화성시효행구,매송면,37.2523398,126.9091152
4159332000,경기도,화성시효행구,비봉면,37.2351714,126.8733896
4159333000,경기도,화성시효행구,정남면,37.1601621,126.9710469
4159351000,경기도,화성시효행구,기배동,37.2243939,126.9846731
4159500000,경기도,화성시병점구,,37.2087495,127.0359027
4159551000,경기도,화성시병점구,진안동,37.2133272,127.0349501
4159552000,경기도,화성시병점구,병점1동,37.2068704,127.0372649
4159553000,경기도,화성시병점구,병점2동,37.2114819,127.0430155
4159554000,경기도,화성시병점구,반월동,37.2330813,127.0605848
4159555000,경기도,화성시병점구,화산동,37.2060351,127.0148247
4159700000,경기도,화성시동탄구,,37.1972382,127.0968701
4159751000,경기도,화성시동탄구,동탄1동,37.2065301,127.0719018
4159752000,경기도,화성시동탄구,동탄2동,37.1968570,127.0723854
4159753000,경기도,화성시동탄구,동탄3동,37.2098824,127.0588990
4159754000,경기도,화성시동탄구,동탄4동,37.1996754,127.1124091
4159755000,경기도,화성시동탄구,동탄5동,37.2102501,127.1039953
4159756000,경기도,화성시동탄구,동탄6동,37.1915263,127.0902178
4159757000,경기도,화성시동탄구,동탄7동,37.1705619,127.1104546
4159758000,경기도,화성시동탄구,동탄8동,37.1623152,127.1052553
4159759000,경기도,화성시동탄구,동탄9동,37.1806560,127.1383745
4161000000,경기도,광주시,,37.4145056,127.2577861
4161025300,경기도,광주시,초월읍,37.3827472,127.2908333
4161025900,경기도,광주시,곤지암읍,37.3459250,127.3462000
4161033000,경기도,광주시,도척면,37.3017361,127.3333333
4161034000,경기도,광주시,퇴촌면,37.4638750,127.3091417
4161035000,경기도,광주시,남종면,37.4915333,127.3040000
4161037000,경기도,광주시,남한산성면,37.4604972,127.2470222
4161051000,경기도,광주시,경안동,37.4081194,127.2594667
4161052000,경기도,광주시,송정동,37.4258902,127.2559243
4161054000,경기도,광주시,쌍령동,37.3997633,127.2691201
4161055000,경기도,광주시,탄벌동,37.4196761,127.2438873
4161056000,경기도,광주시,광남1동,37.3919532,127.2274790
4161057000,경기도,광주시,광남2동,37.3889777,127.2276224
4161058000,경기도,광주시,오포1동,37.3661528,127.2285933
4161059000,경기도,광주시,오포2동,37.3777228,127.2546418
4161060000,경기도,광주시,신현동,37.3596400,127.1588428
4161061000,경기도,광주시,능평동,37.3497125,127.1672754
4163000000,경기도,양주시,,37.7824500,127.0478194
4163025000,경기도,양주시,백석읍,37.7922528,126.9877528
4163031000,경기도,양주시,은현면,37.8722250,127.0266417
4163032000,경기도,양주시,남면,37.8953944,126.9788444
4163033000,경기도,양주시,광적면,37.8219639,126.9858333
4163034000,경기도,양주시,장흥면,37.7150972,126.9432667
4163051000,경기도,양주시,양주1동,37.7706444,127.0461528
4163052000,경기도,양주시,양주2동,37.8034944,127.0988889
4163053000,경기도,양주시,회천1동,37.8413639,127.0682417
4163054000,경기도,양주시,회천2동,37.8196750,127.0499000
4163055000,경기도,양주시,회천3동,37.8349000,127.0709111
4163057000,경기도,양주시,옥정1동,37.8372194,127.0901208
4163058000,경기도,양주시,옥정2동,37.8213547,127.0943238
4165000000,경기도,포천시,,37.8921556,127.2024194
4165025000,경기도,포천시,소흘읍,37.8206556,127.1407083
4165031000,경기도,포천시,군내면,37.8862361,127.2195972
4165032000,경기도,포천시,내촌면,37.7834500,127.2307000
4165033000,경기도,포천시,가산면,37.8457667,127.1884306
4165034000,경기도,포천시,신북면,37.9311500,127.2286333
4165035000,경기도,포천시,창수면,37.9889778,127.1912222
4165036000,경기도,포천시,영중면,37.9997750,127.2456778
4165037000,경기도,포천시,일동면,37.9585694,127.3193444
4165038000,경기도,포천시,이동면,38.0279361,127.3693444
4165039000,경기도,포천시,영북면,38.0863583,127.2776639
4165040000,경기도,포천시,관인면,38.1549778,127.2532528
4165041000,경기도,포천시,화현면,37.8983611,127.2901778
4165051000,경기도,포천시,포천동,37.8953583,127.2022444
4165052000,경기도,포천시,선단동,37.8514083,127.1613306
4167000000,경기도,여주시,,37.2953583,127.6396222
4167025000,경기도,여주시,가남읍,37.1989278,127.5472444
4167031000,경기도,여주시,점동면,37.2032139,127.6647306
4167032000,경기도,여주시,흥천면,37.3302139,127.5437083
4167033000,경기도,여주시,금사면,37.3898306,127.5354306
4167034500,경기도,여주시,세종대왕면,37.3001798,127.5734882
4167035000,경기도,여주시,대신면,37.3722861,127.5886750
4167036000,경기도,여주시,북내면,37.3265056,127.6811417
4167037000,경기도,여주시,강천면,37.2700694,127.7136667
4167038000,경기도,여주시,산북면,37.3987278,127.4451111
4167051000,경기도,여주시,여흥동,37.2921527,127.6420222
4167052000,경기도,여주시,중앙동,37.2986806,127.6289750
4167053000,경기도,여주시,오학동,37.3098944,127.6443111
4180000000,경기도,연천군,,38.0933639,127.0770667
4180025000,경기도,연천군,연천읍,38.1014694,127.0779972
4180025300,경기도,연천군,전곡읍,38.0253167,127.0654306
4180031000,경기도,연천군,군남면,38.0825556,127.0211111
4180032000,경기도,연천군,청산면,37.9791361,127.0698000
4180033000,경기도,연천군,백학면,38.0275917,126.9194000
4180034000,경기도,연천군,미산면,38.0448833,126.9949417
4180035000,경기도,연천군,왕징면,38.0560778,127.0149333
4180036000,경기도,연천군,신서면,38.1801583,127.1090667
4180037000,경기도,연천군,중면,38.1331639,127.0213306
4180038000,경기도,연천군,장남면,37.9790417,126.8863556
4182000000,경기도,가평군,,37.8288306,127.5117778
4182025000,경기도,가평군,가평읍,37.8226167,127.5186889
4182031000,경기도,가평군,설악면,37.6734500,127.4968194
4182032500,경기도,가평군,청평면,37.7376833,127.4263444
4182033000,경기도,가평군,상면,37.8019222,127.3588639
4182034500,경기도,가평군,조종면,37.8148194,127.3554000
4182035000,경기도,가평군,북면,37.8828944,127.5524000
4183000000,경기도,양평군,,37.4889361,127.4898861
4183025000,경기도,양평군,양평읍,37.4840111,127.4960667
4183031000,경기도,양평군,강상면,37.4743944,127.4876444
4183032000,경기도,양평군,강하면,37.4921556,127.4127861
4183033000,경기도,양평군,양서면,37.5411472,127.3281528
4183034000,경기도,양평군,옥천면,37.5154889,127.4582667
4183035000,경기도,양평군,서종면,37.6037861,127.3508083
4183036000,경기도,양평군,단월면,37.5357417,127.6750972
4183037000,경기도,양평군,청운면,37.5534833,127.7129222
4183038000,경기도,양평군,양동면,37.4162889,127.7570000
4183039500,경기도,양평군,지평면,37.4716667,127.6414444
4183040000,경기도,양평군,용문면,37.4839083,127.5978889
4183041000,경기도,양평군,개군면,37.4231639,127.5389528
4300000000,충청북도,,,36.6325000,127.4935861
4311100000,충청북도,청주시상당구,,36.5839972,127.5117306
4311131000,충청북도,청주시상당구,낭성면,36.6196722,127.6061889
4311132000,충청북도,청주시상당구,미원면,36.6332500,127.6605556
4311133000,충청북도,청주시상당구,가덕면,36.5507222,127.5510111
4311134000,충청북도,청주시상당구,남일면,36.5839972,127.5117306
4311135000,충청북도,청주시상당구,문의면,36.5148361,127.4983556
4311152500,충청북도,청주시상당구,중앙동,36.6369222,127.4903194
4311154500,충청북도,청주시상당구,성안동,36.6295694,127.4935306
4311162000,충청북도,청주시상당구,탑대성동,36.6302806,127.4989667
4311167000,충청북도,청주시상당구,영운동,36.6151417,127.5009972
4311168000,충청북도,청주시상당구,금천동,36.6216083,127.5014444
4311169000,충청북도,청주시상당구,용담.명암.산성동,36.6322250,127.5057194
4311172000,충청북도,청주시상당구,용암1동,36.6058889,127.5034111
4311173000,충청북도,청주시상당구,용암2동,36.6041417,127.5101639
4311200000,충청북도,청주시서원구,,36.6372611,127.4832889
4311231000,충청북도,청주시서원구,남이면,36.5575056,127.4358417
4311232000,충청북도,청주시서원구,현도면,36.4836139,127.4262417
4311251000,충청북도,청주시서원구,사직1동,36.6372611,127.4832889
4311252000,충청북도,청주시서원구,사직2동,36.6287694,127.4758417
4311253000,충청북도,청주시서원구,사창동,36.6306722,127.4609444
4311254000,충청북도,청주시서원구,모충동,36.6248056,127.4789778
4311255000,충청북도,청주시서원구,산남동,36.6072778,127.4806861
4311256000,충청북도,청주시서원구,분평동,36.6058250,127.4906861
4311257000,충청북도,청주시서원구,수곡1동,36.6153750,127.4821083
4311258000,충청북도,청주시서원구,수곡2동,36.6144278,127.4741972
4311259000,충청북도,청주시서원구,성화.개신.죽림동,36.6141667,127.4500889
4311300000,충청북도,청주시흥덕구,,36.6182000,127.3594194
4311325000,충청북도,청주시흥덕구,오송읍,36.6063139,127.3267222
4311331000,충청북도,청주시흥덕구,강내면,36.6182000,127.3594194
4311332000,충청북도,청주시흥덕구,옥산면,36.6616861,127.3777528
4311370000,충청북도,청주시흥덕구,운천.신봉동,36.6450194,127.4787972
4311374100,충청북도,청주시흥덕구,복대1동,36.6326056,127.4347306
4311374200,충청북도,청주시흥덕구,복대2동,36.6232917,127.4459556
4311374700,충청북도,청주시흥덕구,가경동,36.6259389,127.4350972
4311375100,충청북도,청주시흥덕구,봉명1동,36.6374167,127.4615667
4311375600,충청북도,청주시흥덕구,봉명2.송정동,36.6417833,127.4599556
4311376000,충청북도,청주시흥덕구,강서제1동,36.6237778,127.4278333
4311377000,충청북도,청주시흥덕구,강서제2동,36.6585278,127.4304222
4311400000,충청북도,청주시청원구,,36.6443056,127.4876639
4311425000,충청북도,청주시청원구,내수읍,36.7208944,127.5377778
4311425300,충청북도,청주시청원구,오창읍,36.7394306,127.4566889
4311431000,충청북도,청주시청원구,북이면,36.7365833,127.5444000
4311451000,충청북도,청주시청원구,우암동,36.6443056,127.4876639
4311452000,충청북도,청주시청원구,내덕1동,36.6553694,127.4848528
4311453000,충청북도,청주시청원구,내덕2동,36.6544917,127.4942889
4311454000,충청북도,청주시청원구,율량.사천동,36.6637083,127.4925306
4311455000,충청북도,청주시청원구,오근장동,36.6912972,127.4833083
4313000000,충청북도,충주시,,36.9881806,127.9281444
4313025000,충청북도,충주시,주덕읍,36.9727694,127.7977333
4313031000,충청북도,충주시,살미면,36.9024000,127.9666000
4313032500,충청북도,충주시,수안보면,36.8443528,127.9970000
4313033500,충청북도,충주시,대소원면,36.9749333,127.8201222
4313035000,충청북도,충주시,신니면,36.9929028,127.7387000
4313036000,충청북도,충주시,노은면,37.0452722,127.7563444
4313037000,충청북도,충주시,앙성면,37.1047694,127.7550222
4313038500,충청북도,충주시,중앙탑면,37.0261167,127.8591889
4313039000,충청북도,충주시,금가면,37.0401778,127.9266333
4313040000,충청북도,충주시,동량면,37.0233806,127.9653333
4313041000,충청북도,충주시,산척면,37.0736750,127.9603194
4313042000,충청북도,충주시,엄정면,37.0836583,127.9172639
4313043000,충청북도,충주시,소태면,37.1069389,127.8499750
4313051500,충청북도,충주시,성내.충인동,36.9705083,127.9362222
4313053500,충청북도,충주시,교현.안림동,36.9719389,127.9374667
4313054000,충청북도,충주시,교현2동,36.9785806,127.9312972
4313055000,충청북도,충주시,용산동,36.9613028,127.9409639
4313056000,충청북도,충주시,지현동,36.9653667,127.9348111
4313057100,충청북도,충주시,문화동,36.9688889,127.9276222
4313058000,충청북도,충주시,호암.직동,36.9531083,127.9408750
4313060500,충청북도,충주시,달천동,36.9447778,127.9032889
4313061000,충청북도,충주시,봉방동,36.9715111,127.9184556
4313062500,충청북도,충주시,칠금.금릉동,36.9791444,127.9212333
4313063000,충청북도,충주시,연수동,36.9834417,127.9361750
4313064000,충청북도,충주시,목행.용탄동,37.0087000,127.9191889
4315000000,충청북도,제천시,,37.1297694,128.1931528
4315025000,충청북도,제천시,봉양읍,37.1298028,128.1238778
4315031000,충청북도,제천시,금성면,37.0587194,128.1708222
4315032000,충청북도,제천시,청풍면,36.9976167,128.1703750
4315033000,충청북도,제천시,수산면,36.9309389,128.1832333
4315034000,충청북도,제천시,덕산면,36.9091528,128.1666000
4315035000,충청북도,제천시,한수면,36.8822333,128.0839778
4315036000,충청북도,제천시,백운면,37.1349667,128.0280222
4315038000,충청북도,제천시,송학면,37.1820944,128.2632083
4315051000,충청북도,제천시,교동,37.1390833,128.2176861
4315051800,충청북도,제천시,의림지동,37.1621017,128.2151167
4315052800,충청북도,제천시,중앙동,37.1393488,128.2102254
4315053700,충청북도,제천시,남현동,37.1347974,128.2170332
4315054700,충청북도,제천시,영서동,37.1328322,128.2017991
4315056000,충청북도,제천시,용두동,37.1390667,128.2027444
4315057700,충청북도,제천시,신백동,37.1283830,128.2232542
4315059000,충청북도,제천시,청전동,37.1461500,128.2166083
4315060500,충청북도,제천시,화산동,37.1278778,128.2133556
4372000000,충청북도,보은군,,36.4865333,127.7316083
4372025000,충청북도,보은군,보은읍,36.4805583,127.7190528
4372031500,충청북도,보은군,속리산면,36.5092111,127.8124889
4372032500,충청북도,보은군,장안면,36.4667889,127.7908972
4372033000,충청북도,보은군,마로면,36.4328333,127.8226444
4372034000,충청북도,보은군,탄부면,36.4277472,127.7981111
4372035000,충청북도,보은군,삼승면,36.3928306,127.7298111
4372036000,충청북도,보은군,수한면,36.4764361,127.7009111
4372037000,충청북도,보은군,회남면,36.4424417,127.5813083
4372038500,충청북도,보은군,회인면,36.4919389,127.5986667
4372039000,충청북도,보은군,내북면,36.5749944,127.6662222
4372040000,충청북도,보은군,산외면,36.5490639,127.7347639
4373000000,충청북도,옥천군,,36.3035500,127.5736333
4373025000,충청북도,옥천군,옥천읍,36.3044333,127.5770889
4373031000,충청북도,옥천군,동이면,36.2808694,127.6225222
4373032000,충청북도,옥천군,안남면,36.3532861,127.6749667
4373033000,충청북도,옥천군,안내면,36.3915333,127.6640750
4373034000,충청북도,옥천군,청성면,36.3247361,127.7619861
4373035000,충청북도,옥천군,청산면,36.3434639,127.7940861
4373036000,충청북도,옥천군,이원면,36.2432722,127.6216222
4373037000,충청북도,옥천군,군서면,36.2767194,127.5295750
4373038000,충청북도,옥천군,군북면,36.3271806,127.5366222
4374000000,충청북도,영동군,,36.1720583,127.7856111
4374025000,충청북도,영동군,영동읍,36.1683083,127.7781194
4374031000,충청북도,영동군,용산면,36.2567667,127.8316556
4374032000,충청북도,영동군,황간면,36.2254389,127.9126861
4374033500,충청북도,영동군,추풍령면,36.2116333,128.0008750
4374034000,충청북도,영동군,매곡면,36.1879222,127.9343306
4374035000,충청북도,영동군,상촌면,36.1458861,127.9163972
4374036000,충청북도,영동군,양강면,36.1494722,127.7531111
4374037000,충청북도,영동군,용화면,36.0178306,127.7692972
4374038000,충청북도,영동군,학산면,36.0964361,127.6870667
4374039000,충청북도,영동군,양산면,36.1192972,127.6712222
4374040000,충청북도,영동군,심천면,36.2352000,127.7234639
4374500000,충청북도,증평군,,36.7821806,127.5832889
4374525000,충청북도,증평군,증평읍,36.7825556,127.5837083
4374531000,충청북도,증평군,도안면,36.8104472,127.6150639
4375000000,충청북도,진천군,,36.8525389,127.4376444
4375025000,충청북도,진천군,진천읍,36.8520167,127.4434111
4375025300,충청북도,진천군,덕산읍,36.9109056,127.5113972
4375032000,충청북도,진천군,초평면,36.8430417,127.5285306
4375033000,충청북도,진천군,문백면,36.7814417,127.4395556
4375034000,충청북도,진천군,백곡면,36.8810472,127.3789528
4375035000,충청북도,진천군,이월면,36.9226667,127.4306111
4375037000,충청북도,진천군,광혜원면,36.9905139,127.4378000
4376000000,충청북도,괴산군,,36.8124306,127.7888306
4376025000,충청북도,괴산군,괴산읍,36.8088667,127.7930778
4376031000,충청북도,괴산군,감물면,36.8338111,127.8771083
4376032000,충청북도,괴산군,장연면,36.8213139,127.9573861
4376033000,충청북도,괴산군,연풍면,36.7635639,128.0028333
4376034000,충청북도,괴산군,칠성면,36.7850611,127.8661889
4376035000,충청북도,괴산군,문광면,36.7869639,127.7871972
4376036000,충청북도,괴산군,청천면,36.6575389,127.7394861
4376037000,충청북도,괴산군,청안면,36.7690889,127.6417972
4376039000,충청북도,괴산군,사리면,36.8140667,127.6508556
4376040000,충청북도,괴산군,소수면,36.8528528,127.7470667
4376041000,충청북도,괴산군,불정면,36.8694722,127.8563778
4377000000,충청북도,음성군,,36.9374056,127.6926222
4377025000,충청북도,음성군,음성읍,36.9320361,127.6927778
4377025300,충청북도,음성군,금왕읍,36.9892417,127.6002861
4377025600,충청북도,음성군,대소읍,36.9691083,127.4854889
4377031000,충청북도,음성군,소이면,36.9207417,127.7597306
4377032000,충청북도,음성군,원남면,36.8725889,127.6510111
4377033000,충청북도,음성군,맹동면,36.9272222,127.5649000
4377035000,충청북도,음성군,삼성면,37.0154861,127.4972222
4377036000,충청북도,음성군,생극면,37.0317056,127.6089778
4377037000,충청북도,음성군,감곡면,37.1094833,127.6456667
4380000000,충청북도,단양군,,36.9817806,128.3678417
4380025000,충청북도,단양군,단양읍,36.9836639,128.3703556
4380025300,충청북도,단양군,매포읍,37.0294583,128.3056111
4380031000,충청북도,단양군,대강면,36.9194194,128.3543444
4380032000,충청북도,단양군,가곡면,37.0255500,128.3876444
4380033000,충청북도,단양군,영춘면,37.0758444,128.4895972
4380034000,충청북도,단양군,어상천면,37.0994306,128.3610194
4380035000,충청북도,단양군,적성면,36.9578500,128.2951222
4380036000,충청북도,단양군,단성면,36.9342583,128.3256528
4400000000,충청남도,,,36.6588149,126.6727975
4413100000,충청남도,천안시동남구,,36.8041250,127.1524667
4413125000,충청남도,천안시동남구,목천읍,36.7821528,127.2368639
4413131000,충청남도,천안시동남구,풍세면,36.7193056,127.1208222
4413132000,충청남도,천안시동남구,광덕면,36.6958000,127.1133222
4413133000,충청남도,천안시동남구,북면,36.8245833,127.2753556
4413134000,충청남도,천안시동남구,성남면,36.7395500,127.2390194
4413135000,충청남도,천안시동남구,수신면,36.7282389,127.2830639
4413136000,충청남도,천안시동남구,병천면,36.7636139,127.3047306
4413137000,충청남도,천안시동남구,동면,36.7733028,127.3464444
4413151000,충청남도,천안시동남구,중앙동,36.7971667,127.1546972
4413152000,충청남도,천안시동남구,문성동,36.8113472,127.1542556
4413153000,충청남도,천안시동남구,원성1동,36.8089167,127.1650000
4413154000,충청남도,천안시동남구,원성2동,36.7985694,127.1629750
4413155000,충청남도,천안시동남구,봉명동,36.8028944,127.1415528
4413156000,충청남도,천안시동남구,일봉동,36.7981111,127.1440417
4413157000,충청남도,천안시동남구,신방동,36.7851500,127.1223667
4413158000,충청남도,천안시동남구,청룡동,36.7927028,127.1602444
4413159000,충청남도,천안시동남구,신안동,36.8155583,127.1597111
4413300000,충청남도,천안시서북구,,36.8755583,127.1571972
4413325000,충청남도,천안시서북구,성환읍,36.9154028,127.1364667
4413325300,충청남도,천안시서북구,성거읍,36.8751333,127.2011889
4413325600,충청남도,천안시서북구,직산읍,36.8758250,127.1526639
4413331000,충청남도,천안시서북구,입장면,36.9099778,127.2235194
4413351000,충청남도,천안시서북구,성정1동,36.8121806,127.1450639
4413352000,충청남도,천안시서북구,성정2동,36.8207778,127.1394861
4413353000,충청남도,천안시서북구,쌍용1동,36.8011500,127.1326222
4413354000,충청남도,천안시서북구,쌍용2동,36.7933778,127.1252861
4413355000,충청남도,천안시서북구,쌍용3동,36.8000278,127.1212639
4413356000,충청남도,천안시서북구,백석동,36.8168444,127.1175778
4413356600,충청남도,천안시서북구,불당1동,36.8059331,127.1137163
4413356700,충청남도,천안시서북구,불당2동,36.8172940,127.1087009
4413358000,충청남도,천안시서북구,부성1동,36.8427561,127.1522345
4413359000,충청남도,천안시서북구,부성2동,36.8373360,127.1379200
4415000000,충청남도,공주시,,36.4436139,127.1211194
4415025000,충청남도,공주시,유구읍,36.5499250,126.9525417
4415031000,충청남도,공주시,이인면,36.3590333,127.0653556
4415032000,충청남도,공주시,탄천면,36.3271056,127.0322778
4415033000,충청남도,공주시,계룡면,36.3573806,127.1437639
4415034000,충청남도,공주시,반포면,36.3939778,127.2523333
4415036000,충청남도,공주시,의당면,36.4966028,127.1433889
4415037000,충청남도,공주시,정안면,36.6058028,127.1223667
4415038000,충청남도,공주시,우성면,36.4680083,127.0518861
4415039000,충청남도,공주시,사곡면,36.4992750,127.0275000
4415040000,충청남도,공주시,신풍면,36.5117833,126.9576639
4415051000,충청남도,공주시,중학동,36.4495611,127.1239528
4415054000,충청남도,공주시,웅진동,36.4557139,127.1221306
4415055000,충청남도,공주시,금학동,36.4359139,127.1215000
4415056000,충청남도,공주시,옥룡동,36.4545528,127.1393861
4415057000,충청남도,공주시,신관동,36.4693167,127.1347778
4415059000,충청남도,공주시,월송동,36.4713290,127.1549630
4418000000,충청남도,보령시,,36.3305750,126.6148861
4418025000,충청남도,보령시,웅천읍,36.2287806,126.6032528
4418031000,충청남도,보령시,주포면,36.4121917,126.5900083
4418032000,충청남도,보령시,오천면,36.4354806,126.5245750
4418033000,충청남도,보령시,천북면,36.4758361,126.5293306
4418034000,충청남도,보령시,청소면,36.4425556,126.5915333
4418035000,충청남도,보령시,청라면,36.3875389,126.6756778
4418036000,충청남도,보령시,남포면,36.3016750,126.6070333
4418038000,충청남도,보령시,주산면,36.1954222,126.6338083
4418039000,충청남도,보령시,미산면,36.2075694,126.6784778
4418040000,충청남도,보령시,성주면,36.3330556,126.6534111
4418041000,충청남도,보령시,주교면,36.3879528,126.5713222
4418051500,충청남도,보령시,대천1동,36.3490028,126.5989861
4418052500,충청남도,보령시,대천2동,36.3503167,126.5918528
4418053500,충청남도,보령시,대천3동,36.3517361,126.6076444
4418054500,충청남도,보령시,대천4동,36.3375444,126.6029306
4418056500,충청남도,보령시,대천5동,36.3122222,126.5140000
4420000000,충청남도,아산시,,36.7871056,127.0046417
4420025000,충청남도,아산시,염치읍,36.8139083,126.9785778
4420025300,충청남도,아산시,배방읍,36.7799422,127.0669858
4420031000,충청남도,아산시,송악면,36.7288472,127.0111333
4420033000,충청남도,아산시,탕정면,36.7975639,127.0538222
4420035000,충청남도,아산시,음봉면,36.8468583,127.0144750
4420036000,충청남도,아산시,둔포면,36.9268583,127.0398528
4420037000,충청남도,아산시,영인면,36.8535528,126.9567556
4420038000,충청남도,아산시,인주면,36.8661167,126.8867778
4420039000,충청남도,아산시,선장면,36.7884028,126.8633333
4420040000,충청남도,아산시,도고면,36.7546639,126.8796306
4420041000,충청남도,아산시,신창면,36.8008000,126.9382194
4420057000,충청남도,아산시,온양1동,36.7842389,127.0015750
4420058000,충청남도,아산시,온양2동,36.7755222,127.0054639
4420059000,충청남도,아산시,온양3동,36.7847222,127.0151972
4420060000,충청남도,아산시,온양4동,36.7856639,126.9863444
4420061000,충청남도,아산시,온양5동,36.7725611,126.9983000
4420062000,충청남도,아산시,온양6동,36.7580778,127.0177528
4421000000,충청남도,서산시,,36.7820972,126.4521639
4421025000,충청남도,서산시,대산읍,36.9367639,126.4363778
4421031000,충청남도,서산시,인지면,36.7500917,126.4276444
4421032000,충청남도,서산시,부석면,36.7120583,126.3955556
4421033000,충청남도,서산시,팔봉면,36.8090333,126.3519000
4421034000,충청남도,서산시,지곡면,36.8606444,126.4389778
4421036000,충청남도,서산시,성연면,36.8362528,126.4630222
4421037000,충청남도,서산시,음암면,36.7971278,126.5200000
4421038000,충청남도,서산시,운산면,36.8078500,126.5826778
4421039000,충청남도,서산시,해미면,36.7108389,126.5469750
4421040000,충청남도,서산시,고북면,36.6641778,126.5355861
4421051000,충청남도,서산시,부춘동,36.7832056,126.4502194
4421052500,충청남도,서산시,동문1동,36.7870250,126.4612000
4421053500,충청남도,서산시,동문2동,36.7779444,126.4619111
4421054000,충청남도,서산시,수석동,36.7684417,126.4693444
4421055000,충청남도,서산시,석남동,36.7629778,126.4560111
4423000000,충청남도,논산시,,36.1842028,127.1009111
4423025000,충청남도,논산시,강경읍,36.1551000,127.0199556
4423025300,충청남도,논산시,연무읍,36.1222194,127.1011111
4423031000,충청남도,논산시,성동면,36.2005778,127.0358083
4423032000,충청남도,논산시,광석면,36.2399667,127.0820417
4423033000,충청남도,논산시,노성면,36.2752056,127.1324000
4423034000,충청남도,논산시,상월면,36.2926167,127.1432417
4423035000,충청남도,논산시,부적면,36.2131472,127.1301861
4423036000,충청남도,논산시,연산면,36.2105083,127.2027667
4423038000,충청남도,논산시,벌곡면,36.2030306,127.2669750
4423039000,충청남도,논산시,양촌면,36.1355778,127.2348000
4423040000,충청남도,논산시,가야곡면,36.1338944,127.1610194
4423041000,충청남도,논산시,은진면,36.1644750,127.1090750
4423042000,충청남도,논산시,채운면,36.1705056,127.0649083
4423051000,충청남도,논산시,취암동,36.1963472,127.0892083
4423052000,충청남도,논산시,부창동,36.1998611,127.0838889
4425000000,충청남도,계룡시,,36.2718361,127.2509306
4425031000,충청남도,계룡시,두마면,36.2640167,127.2749000
4425031500,충청남도,계룡시,엄사면,36.2856306,127.2420417
4425033000,충청남도,계룡시,신도안면,36.3004670,127.2421880
4425051000,충청남도,계룡시,금암동,36.2706722,127.2515333
4427000000,충청남도,당진시,,36.8907500,126.6302528
4427025000,충청남도,당진시,합덕읍,36.8070528,126.7662083
4427025300,충청남도,당진시,송악읍,36.9030195,126.6901643
4427031000,충청남도,당진시,고대면,36.9231444,126.5989528
4427032000,충청남도,당진시,석문면,36.9790667,126.5929417
4427033000,충청남도,당진시,대호지면,36.8971833,126.5062639
4427034000,충청남도,당진시,정미면,36.8795972,126.5702861
4427035000,충청남도,당진시,면천면,36.8146139,126.6691000
4427036000,충청남도,당진시,순성면,36.8409833,126.7153889
4427037000,충청남도,당진시,우강면,36.8105750,126.7898528
4427038000,충청남도,당진시,신평면,36.8824694,126.7755222
4427039000,충청남도,당진시,송산면,36.9296111,126.6810444
4427051000,충청남도,당진시,당진1동,36.8870056,126.6282417
4427052000,충청남도,당진시,당진2동,36.8870056,126.6282417
4427053000,충청남도,당진시,당진3동,36.8870056,126.6282417
4471000000,충청남도,금산군,,36.1058694,127.4903083
4471025000,충청남도,금산군,금산읍,36.1042889,127.4926306
4471031000,충청남도,금산군,금성면,36.1278778,127.4559111
4471032000,충청남도,금산군,제원면,36.1095889,127.5482194
4471033000,충청남도,금산군,부리면,36.0577556,127.5571889
4471034000,충청남도,금산군,군북면,36.1659722,127.5298667
4471035000,충청남도,금산군,남일면,36.0399306,127.5066750
4471036000,충청남도,금산군,남이면,36.0423750,127.4388444
4471037000,충청남도,금산군,진산면,36.1413278,127.3724000
4471038000,충청남도,금산군,복수면,36.1634778,127.4004417
4471039000,충청남도,금산군,추부면,36.1919111,127.4781778
4476000000,충청남도,부여군,,36.2728222,126.9118639
4476025000,충청남도,부여군,부여읍,36.2726833,126.9132667
4476031000,충청남도,부여군,규암면,36.2723611,126.8862556
4476032000,충청남도,부여군,은산면,36.3074056,126.8563222
4476033000,충청남도,부여군,외산면,36.3013972,126.7062556
4476034000,충청남도,부여군,내산면,36.2718806,126.7826444
4476035000,충청남도,부여군,구룡면,36.2497444,126.8150639
4476036000,충청남도,부여군,홍산면,36.2138028,126.7623750
4476037000,충청남도,부여군,옥산면,36.1885500,126.7355556
4476038000,충청남도,부여군,남면,36.2092111,126.8083556
4476039000,충청남도,부여군,충화면,36.1789111,126.8236667
4476040000,충청남도,부여군,양화면,36.1324139,126.8832194
4476041000,충청남도,부여군,임천면,36.1881944,126.8969111
4476042000,충청남도,부여군,장암면,36.2409917,126.8886417
4476043000,충청남도,부여군,세도면,36.1670222,126.9505222
4476044000,충청남도,부여군,석성면,36.2502611,127.0044667
4476045000,충청남도,부여군,초촌면,36.2610500,127.0221972
4477000000,충청남도,서천군,,36.0774056,126.6938889
4477025000,충청남도,서천군,장항읍,36.0076444,126.7023528
4477025300,충청남도,서천군,서천읍,36.0747306,126.6917889
4477031000,충청남도,서천군,마서면,36.0589250,126.7087750
4477032000,충청남도,서천군,화양면,36.0347833,126.7839778
4477033000,충청남도,서천군,기산면,36.0716972,126.7642889
4477034000,충청남도,서천군,한산면,36.0833556,126.8041972
4477035000,충청남도,서천군,마산면,36.1143944,126.7927861
4477036000,충청남도,서천군,시초면,36.1188972,126.7549667
4477037000,충청남도,서천군,문산면,36.1393528,126.7542972
4477038000,충청남도,서천군,판교면,36.1548500,126.6912000
4477039000,충청남도,서천군,종천면,36.0945750,126.6721306
4477040000,충청남도,서천군,비인면,36.1393250,126.6037000
4477041000,충청남도,서천군,서면,36.1499583,126.5516556
4479000000,충청남도,청양군,,36.4562694,126.8042556
4479025000,충청남도,청양군,청양읍,36.4506278,126.8088556
4479031000,충청남도,청양군,운곡면,36.5209583,126.8467222
4479032000,충청남도,청양군,대치면,36.4415222,126.8341972
4479033000,충청남도,청양군,정산면,36.4119556,126.9472222
4479034000,충청남도,청양군,목면,36.4160694,127.0059972
4479035000,충청남도,청양군,청남면,36.3494417,126.9542972
4479036000,충청남도,청양군,장평면,36.3389583,126.8951972
4479037000,충청남도,청양군,남양면,36.3982861,126.7781333
4479038000,충청남도,청양군,화성면,36.4243667,126.7193778
4479039000,충청남도,청양군,비봉면,36.5165056,126.7886194
4480000000,충청남도,홍성군,,36.5983611,126.6629083
4480025000,충청남도,홍성군,홍성읍,36.5985528,126.6642889
4480025300,충청남도,홍성군,광천읍,36.5016250,126.6269667
4480025600,충청남도,홍성군,홍북읍,36.6471389,126.6937972
4480032000,충청남도,홍성군,금마면,36.6090111,126.7348111
4480033000,충청남도,홍성군,홍동면,36.5561861,126.6901306
4480034000,충청남도,홍성군,장곡면,36.5022694,126.6933750
4480035000,충청남도,홍성군,은하면,36.5290111,126.5925306
4480036000,충청남도,홍성군,결성면,36.5213806,126.5486889
4480037000,충청남도,홍성군,서부면,36.5774417,126.5193528
4480038000,충청남도,홍성군,갈산면,36.6022972,126.5521083
4480039000,충청남도,홍성군,구항면,36.5848472,126.6129000
4481000000,충청남도,예산군,,36.6798056,126.8508750
4481025000,충청남도,예산군,예산읍,36.6758194,126.8482667
4481025300,충청남도,예산군,삽교읍,36.6850389,126.7414444
4481031000,충청남도,예산군,대술면,36.6547417,126.8941889
4481032000,충청남도,예산군,신양면,36.5986139,126.8705556
4481033000,충청남도,예산군,광시면,36.5459778,126.7753000
4481034000,충청남도,예산군,대흥면,36.6038750,126.7904222
4481035000,충청남도,예산군,응봉면,36.6558028,126.7632417
4481036000,충청남도,예산군,덕산면,36.6986667,126.6676528
4481037000,충청남도,예산군,봉산면,36.7458250,126.6837972
4481038000,충청남도,예산군,고덕면,36.7559590,126.7263440
4481039000,충청남도,예산군,신암면,36.7316861,126.8282333
4481040000,충청남도,예산군,오가면,36.6842056,126.7997639
4482500000,충청남도,태안군,,36.7426667,126.2999750
4482525000,충청남도,태안군,태안읍,36.7547139,126.2983333
4482525300,충청남도,태안군,안면읍,36.5175889,126.3465000
4482531000,충청남도,태안군,고남면,36.4174917,126.4112222
4482532000,충청남도,태안군,남면,36.6690222,126.3004889
4482533000,충청남도,태안군,근흥면,36.7107778,126.2300639
4482534000,충청남도,태안군,소원면,36.7596222,126.1993111
4482535000,충청남도,태안군,원북면,36.8206306,126.2591972
4482536000,충청남도,태안군,이원면,36.8668778,126.2826306
4700000000,경상북도,,,36.5759985,128.5058323
4711100000,경상북도,포항시남구,,36.0056861,129.3616667
4711125000,경상북도,포항시남구,구룡포읍,35.9820750,129.5485306
4711125300,경상북도,포항시남구,연일읍,35.9886250,129.3464194
4711125600,경상북도,포항시남구,오천읍,35.9601972,129.4170333
4711131000,경상북도,포항시남구,대송면,35.9654944,129.3622444
4711132000,경상북도,포항시남구,동해면,35.9855083,129.4425417
4711133000,경상북도,포항시남구,장기면,35.8927778,129.4949194
4711135000,경상북도,포항시남구,호미곶면,36.0808541,129.5555306
4711152500,경상북도,포항시남구,상대동,36.0140192,129.3569633
4711154500,경상북도,포항시남구,해도동,36.0232859,129.3714474
4711155000,경상북도,포항시남구,송도동,36.0288889,129.3778333
4711156000,경상북도,포항시남구,청림동,35.9943833,129.4079972
4711157000,경상북도,포항시남구,제철동,35.9893111,129.3994194
4711158000,경상북도,포항시남구,효곡동,36.0050472,129.3331778
4711159000,경상북도,포항시남구,대이동,36.0141583,129.3453333
4711300000,경상북도,포항시북구,,36.0388500,129.3679083
4711325000,경상북도,포항시북구,흥해읍,36.1041278,129.3440417
4711331000,경상북도,포항시북구,신광면,36.1270889,129.2652444
4711332000,경상북도,포항시북구,청하면,36.1961722,129.3398333
4711333000,경상북도,포항시북구,송라면,36.2259000,129.3592306
4711334000,경상북도,포항시북구,기계면,36.0694583,129.2125556
4711335000,경상북도,포항시북구,죽장면,36.1572222,129.0980222
4711336000,경상북도,포항시북구,기북면,36.1256083,129.1686000
4711352000,경상북도,포항시북구,중앙동,36.0367806,129.3662889
4711363000,경상북도,포항시북구,양학동,36.0223111,129.3526861
4711365500,경상북도,포항시북구,죽도동,36.0318403,129.3640625
4711366500,경상북도,포항시북구,용흥동,36.0354083,129.3599083
4711368000,경상북도,포항시북구,우창동,36.0516889,129.3639444
4711369000,경상북도,포항시북구,두호동,36.0578694,129.3823528
4711370000,경상북도,포항시북구,장량동,36.0671972,129.3813639
4711371000,경상북도,포항시북구,환여동,36.0669667,129.4002444
4713000000,경상북도,경주시,,35.8531694,129.2270222
4713025000,경상북도,경주시,감포읍,35.8043722,129.5038889
4713025300,경상북도,경주시,안강읍,35.9871972,129.2294444
4713025600,경상북도,경주시,건천읍,35.8470111,129.1046972
4713025900,경상북도,경주시,외동읍,35.7129528,129.3273667
4713031500,경상북도,경주시,문무대왕면,35.7880917,129.4454083
4713032000,경상북도,경주시,양남면,35.6747611,129.4626639
4713033000,경상북도,경주시,내남면,35.7494750,129.2024750
4713034000,경상북도,경주시,산내면,35.7546444,129.0495750
4713035000,경상북도,경주시,서면,35.8884083,129.0548667
4713036000,경상북도,경주시,현곡면,35.8633389,129.2046972
4713037000,경상북도,경주시,강동면,35.9847361,129.2755444
4713038000,경상북도,경주시,천북면,35.8922917,129.2734306
4713053000,경상북도,경주시,황오동,35.8381389,129.2170556
4713055000,경상북도,경주시,성건동,35.8478222,129.2096417
4713057000,경상북도,경주시,황남동,35.8322972,129.2128667
4713059000,경상북도,경주시,선도동,35.8230139,129.1905444
4713060500,경상북도,경주시,월성동,35.8335861,129.2220222
4713061500,경상북도,경주시,용강동,35.8611639,129.2254639
4713062100,경상북도,경주시,황성동,35.8568250,129.2207528
4713063000,경상북도,경주시,동천동,35.8517278,129.2249889
4713065000,경상북도,경주시,불국동,35.7720278,129.3028333
4713066000,경상북도,경주시,보덕동,35.8317194,129.2898333
4715000000,경상북도,김천시,,36.1368972,128.1158000
4715025000,경상북도,김천시,아포읍,36.1569056,128.2556778
4715031000,경상북도,김천시,농소면,36.1030556,128.1745083
4715032000,경상북도,김천시,남면,36.1049528,128.1916889
4715034000,경상북도,김천시,개령면,36.1647750,128.1884222
4715035000,경상북도,김천시,감문면,36.2112944,128.1833556
4715036000,경상북도,김천시,어모면,36.1776528,128.1208889
4715037000,경상북도,김천시,봉산면,36.1385472,128.0624000
4715038000,경상북도,김천시,대항면,36.1215278,128.0243528
4715039000,경상북도,김천시,감천면,36.0630528,128.1276778
4715040000,경상북도,김천시,조마면,36.0319750,128.1012639
4715041000,경상북도,김천시,구성면,36.0295194,128.0499194
4715042000,경상북도,김천시,지례면,35.9818444,128.0288444
4715043000,경상북도,김천시,부항면,35.9872444,127.9572778
4715044000,경상북도,김천시,대덕면,35.9148972,127.9710111
4715045000,경상북도,김천시,증산면,35.8990111,128.0374000
4715051600,경상북도,김천시,자산동,36.1222487,128.1278750
4715053600,경상북도,김천시,평화남산동,36.1252893,128.1095406
4715056500,경상북도,김천시,양금동,36.1104222,128.1261750
4715057500,경상북도,김천시,대신동,36.1321361,128.1198667
4715059500,경상북도,김천시,대곡동,36.1215722,128.0914528
4715061000,경상북도,김천시,지좌동,36.1167417,128.1467083
4715064000,경상북도,김천시,율곡동,36.1244694,128.1817250
4717000000,경상북도,안동시,,36.5654639,128.7316222
4717025000,경상북도,안동시,풍산읍,36.5771806,128.5742639
4717031000,경상북도,안동시,와룡면,36.6134833,128.7687639
4717032000,경상북도,안동시,북후면,36.6821806,128.7045083
4717033000,경상북도,안동시,서후면,36.6140333,128.6661111
4717034000,경상북도,안동시,풍천면,36.5532556,128.5087417
4717035000,경상북도,안동시,일직면,36.4723806,128.6618639
4717036000,경상북도,안동시,남후면,36.5206972,128.6922639
4717037000,경상북도,안동시,남선면,36.5232056,128.7721306
4717038000,경상북도,안동시,임하면,36.5218611,128.8331333
4717039000,경상북도,안동시,길안면,36.4530333,128.8967639
4717040000,경상북도,안동시,임동면,36.5659417,128.9198861
4717041000,경상북도,안동시,예안면,36.6583639,128.8874194
4717042000,경상북도,안동시,도산면,36.7390056,128.8355778
4717043000,경상북도,안동시,녹전면,36.7399083,128.7759556
4717051000,경상북도,안동시,중구동,36.5638306,128.7319333
4717052000,경상북도,안동시,명륜동,36.5793806,128.7371306
4717055500,경상북도,안동시,용상동,36.5561833,128.7518861
4717058500,경상북도,안동시,서구동,36.5613833,128.7197306
4717060000,경상북도,안동시,태화동,36.5597278,128.7159639
4717062000,경상북도,안동시,평화동,36.5662000,128.7153750
4717063000,경상북도,안동시,안기동,36.5800306,128.7167306
4717065000,경상북도,안동시,옥동,36.5586222,128.7040000
4717066000,경상북도,안동시,송하동,36.5675722,128.6985306
4717069000,경상북도,안동시,강남동,36.5493444,128.7219528
4719000000,경상북도,구미시,,36.1165500,128.3467778
4719025000,경상북도,구미시,선산읍,36.2399278,128.3011750
4719025300,경상북도,구미시,고아읍,36.1533472,128.3519861
4719025600,경상북도,구미시,산동읍,36.1667833,128.4363556
4719031000,경상북도,구미시,무을면,36.2577972,128.1996639
4719032000,경상북도,구미시,옥성면,36.2928667,128.2809556
4719033000,경상북도,구미시,도개면,36.2965194,128.3329639
4719034000,경상북도,구미시,해평면,36.1967722,128.3937417
4719036000,경상북도,구미시,장천면,36.1228694,128.4974417
4719051000,경상북도,구미시,송정동,36.1154000,128.3496222
4719053500,경상북도,구미시,원평동,36.1249306,128.3408000
4719055100,경상북도,구미시,도량동,36.1375583,128.3346889
4719055500,경상북도,구미시,지산동,36.1366806,128.3480556
4719056500,경상북도,구미시,선주원남동,36.1213583,128.3394194
4719058200,경상북도,구미시,형곡1동,36.1109944,128.3366667
4719058300,경상북도,구미시,형곡2동,36.1033028,128.3378000
4719059000,경상북도,구미시,신평1동,36.1179222,128.3614667
4719060000,경상북도,구미시,신평2동,36.1200611,128.3679750
4719061000,경상북도,구미시,비산동,36.1207083,128.3830778
4719063000,경상북도,구미시,광평동,36.1017417,128.3682667
4719064500,경상북도,구미시,상모사곡동,36.0967361,128.3601111
4719066000,경상북도,구미시,임오동,36.0862556,128.3714778
4719067000,경상북도,구미시,인동동,36.1040361,128.4228556
4719068000,경상북도,구미시,진미동,36.1030167,128.4208556
4719069000,경상북도,구미시,양포동,36.1338806,128.4278333
4719070000,경상북도,구미시,공단동,36.0984472,128.3866750
4721000000,경상북도,영주시,,36.8029361,128.6263444
4721025000,경상북도,영주시,풍기읍,36.8680000,128.5271556
4721031000,경상북도,영주시,이산면,36.8188917,128.6584972
4721032000,경상북도,영주시,평은면,36.7401500,128.6780861
4721033000,경상북도,영주시,문수면,36.7692278,128.6326972
4721034000,경상북도,영주시,장수면,36.7717972,128.5808750
4721035000,경상북도,영주시,안정면,36.8428167,128.5588639
4721036000,경상북도,영주시,봉현면,36.8585528,128.5273333
4721037000,경상북도,영주시,순흥면,36.9128750,128.5772861
4721038000,경상북도,영주시,단산면,36.9484222,128.6216667
4721039000,경상북도,영주시,부석면,36.9760083,128.6563639
4721051000,경상북도,영주시,상망동,36.8258472,128.6316972
4721052500,경상북도,영주시,하망동,36.8209833,128.6325778
4721055000,경상북도,영주시,영주1동,36.8235556,128.6221889
4721056000,경상북도,영주시,영주2동,36.8178528,128.6210306
4721059000,경상북도,영주시,휴천1동,36.8155750,128.6321306
4721060000,경상북도,영주시,휴천2동,36.8071806,128.6240111
4721061000,경상북도,영주시,휴천3동,36.8095611,128.6298861
4721062000,경상북도,영주시,가흥1동,36.8158333,128.6201972
4721063000,경상북도,영주시,가흥2동,36.8264694,128.6140667
4723000000,경상북도,영천시,,35.9700528,128.9407750
4723025000,경상북도,영천시,금호읍,35.9303361,128.8798111
4723031000,경상북도,영천시,청통면,35.9890750,128.8252861
4723032000,경상북도,영천시,신녕면,36.0423361,128.7920222
4723033000,경상북도,영천시,화산면,36.0173667,128.8545750
4723034000,경상북도,영천시,화북면,36.1052778,128.9216972
4723035000,경상북도,영천시,화남면,36.0562028,128.8913556
4723036000,경상북도,영천시,자양면,36.0755000,129.0204417
4723037000,경상북도,영천시,임고면,36.0181000,128.9762972
4723038000,경상북도,영천시,고경면,35.9985861,129.0481111
4723039000,경상북도,영천시,북안면,35.9122667,129.0113972
4723040000,경상북도,영천시,대창면,35.8729167,128.8970222
4723051000,경상북도,영천시,동부동,35.9715556,128.9447306
4723052000,경상북도,영천시,중앙동,35.9703861,128.9320417
4723053500,경상북도,영천시,서부동,35.9606139,128.9237889
4723054000,경상북도,영천시,완산동,35.9619056,128.9417972
4723055500,경상북도,영천시,남부동,35.9542278,128.9349333
4725000000,경상북도,상주시,,36.4079694,128.1612639
4725025000,경상북도,상주시,함창읍,36.5671806,128.1816417
4725031000,경상북도,상주시,중동면,36.4234222,128.2737556
4725032500,경상북도,상주시,사벌국면,36.4634167,128.2108000
4725033000,경상북도,상주시,낙동면,36.3720889,128.2504083
4725034000,경상북도,상주시,청리면,36.3356639,128.1328000
4725035000,경상북도,상주시,공성면,36.2804694,128.0945972
4725036000,경상북도,상주시,외남면,36.3545028,128.0915861
4725037000,경상북도,상주시,내서면,36.4093083,128.0692222
4725038000,경상북도,상주시,모동면,36.3171444,127.9615528
4725039000,경상북도,상주시,모서면,36.3395417,127.9622444
4725040000,경상북도,상주시,화동면,36.3866333,127.9562639
4725041000,경상북도,상주시,화서면,36.4425000,127.9535778
4725042000,경상북도,상주시,화북면,36.5603944,127.9194000
4725043000,경상북도,상주시,외서면,36.4763667,128.1103194
4725044000,경상북도,상주시,은척면,36.5287889,128.0737556
4725045000,경상북도,상주시,공검면,36.5092417,128.1608000
4725046000,경상북도,상주시,이안면,36.5765139,128.1477528
4725047000,경상북도,상주시,화남면,36.4453528,127.9076861
4725052000,경상북도,상주시,남원동,36.4125389,128.1548000
4725053000,경상북도,상주시,북문동,36.4260611,128.1600083
4725054000,경상북도,상주시,계림동,36.4191500,128.1665000
4725055000,경상북도,상주시,동문동,36.4144444,128.1713083
4725056000,경상북도,상주시,동성동,36.4123472,128.1719444
4725057000,경상북도,상주시,신흥동,36.4006861,128.1621639
4728000000,경상북도,문경시,,36.5836306,128.1890194
4728025000,경상북도,문경시,문경읍,36.7343861,128.1092222
4728025300,경상북도,문경시,가은읍,36.6397528,128.0642444
4728031000,경상북도,문경시,영순면,36.5791583,128.2381861
4728032000,경상북도,문경시,산양면,36.6087806,128.2609556
4728033000,경상북도,문경시,호계면,36.6283111,128.2080639
4728034000,경상북도,문경시,산북면,36.6530833,128.2616083
4728035000,경상북도,문경시,동로면,36.7704694,128.3171778
4728036000,경상북도,문경시,마성면,36.6897500,128.1188556
4728037000,경상북도,문경시,농암면,36.5978056,128.0058972
4728057000,경상북도,문경시,점촌1동,36.5957139,128.1999750
4728058000,경상북도,문경시,점촌2동,36.5872167,128.1982667
4728059000,경상북도,문경시,점촌3동,36.6000278,128.2086417
4728060000,경상북도,문경시,점촌4동,36.6362778,128.1725000
4728061000,경상북도,문경시,점촌5동,36.5881806,128.1899194
4729000000,경상북도,경산시,,35.8220889,128.7434639
4729025000,경상북도,경산시,하양읍,35.9101778,128.8214194
4729025300,경상북도,경산시,진량읍,35.8710306,128.8185528
4729025600,경상북도,경산시,압량읍,35.8403222,128.7621083
4729031000,경상북도,경산시,와촌면,35.9433417,128.8387750
4729033000,경상북도,경산시,자인면,35.8179000,128.8248444
4729034000,경상북도,경산시,용성면,35.7902306,128.8781111
4729035000,경상북도,경산시,남산면,35.7903556,128.8396222
4729037000,경상북도,경산시,남천면,35.7636694,128.7291083
4729051000,경상북도,경산시,중방동,35.8241111,128.7362000
4729052000,경상북도,경산시,중앙동,35.8170833,128.7426639
4729053000,경상북도,경산시,남부동,35.8107083,128.7414306
4729054100,경상북도,경산시,서부1동,35.8176000,128.7300889
4729054200,경상북도,경산시,서부2동,35.8315278,128.7283333
4729055000,경상북도,경산시,북부동,35.8302833,128.7487972
4729056000,경상북도,경산시,동부동,35.8164194,128.7564667
4773000000,경상북도,의성군,,36.3497583,128.6993639
4773025000,경상북도,의성군,의성읍,36.3529917,128.6970556
4773031000,경상북도,의성군,단촌면,36.4191361,128.6764444
4773032000,경상북도,의성군,점곡면,36.4211500,128.7702528
4773033000,경상북도,의성군,옥산면,36.3899444,128.8123000
4773034000,경상북도,의성군,사곡면,36.3033861,128.7901111
4773035000,경상북도,의성군,춘산면,36.2345833,128.8140111
4773036000,경상북도,의성군,가음면,36.2311639,128.7269444
4773037000,경상북도,의성군,금성면,36.2584222,128.6833083
4773038000,경상북도,의성군,봉양면,36.2978000,128.5785528
4773039000,경상북도,의성군,비안면,36.3343889,128.4924667
4773040000,경상북도,의성군,구천면,36.3444333,128.4348667
4773041000,경상북도,의성군,단밀면,36.3730778,128.3838306
4773042000,경상북도,의성군,단북면,36.3845972,128.4070222
4773043000,경상북도,의성군,안계면,36.3809306,128.4424194
4773044000,경상북도,의성군,다인면,36.4473806,128.3557194
4773045000,경상북도,의성군,신평면,36.4707250,128.5047306
4773046000,경상북도,의성군,안평면,36.3737861,128.5864444
4773047000,경상북도,의성군,안사면,36.4280333,128.4639444
4775000000,경상북도,청송군,,36.4332917,129.0594000
4775025000,경상북도,청송군,청송읍,36.4311861,129.0590194
4775031500,경상북도,청송군,주왕산면,36.3539417,129.1616667
4775032000,경상북도,청송군,부남면,36.3416556,129.0656111
4775033000,경상북도,청송군,현동면,36.2877278,129.0191333
4775034000,경상북도,청송군,현서면,36.2729444,128.8982333
4775035000,경상북도,청송군,안덕면,36.2860500,128.9622222
4775036000,경상북도,청송군,파천면,36.4601333,129.0401111
4775037000,경상북도,청송군,진보면,36.5265306,129.0490194
4776000000,경상북도,영양군,,36.6642750,129.1146222
4776025000,경상북도,영양군,영양읍,36.6641611,129.1164861
4776031000,경상북도,영양군,입암면,36.5903056,129.0926306
4776032000,경상북도,영양군,청기면,36.6582778,129.0645222
4776033000,경상북도,영양군,일월면,36.6994500,129.1310306
4776034000,경상북도,영양군,수비면,36.7622611,129.2049000
4776035000,경상북도,영양군,석보면,36.5551528,129.1269444
4777000000,경상북도,영덕군,,36.4121028,129.3683556
4777025000,경상북도,영덕군,영덕읍,36.4065361,129.3751306
4777031000,경상북도,영덕군,강구면,36.3589333,129.3809861
4777032000,경상북도,영덕군,남정면,36.2831083,129.3748528
4777033000,경상북도,영덕군,달산면,36.3961944,129.3055861
4777034000,경상북도,영덕군,지품면,36.4455694,129.2841972
4777035000,경상북도,영덕군,축산면,36.5060444,129.4166000
4777036000,경상북도,영덕군,영해면,36.5345750,129.4094667
4777037000,경상북도,영덕군,병곡면,36.5994306,129.4129750
4777038000,경상북도,영덕군,창수면,36.5432639,129.3506861
4782000000,경상북도,청도군,,35.6443111,128.7362000
4782025000,경상북도,청도군,화양읍,35.6468667,128.7084444
4782025300,경상북도,청도군,청도읍,35.6423889,128.7435306
4782031000,경상북도,청도군,각남면,35.6388111,128.6612000
4782032000,경상북도,청도군,풍각면,35.6358083,128.6205556
4782033000,경상북도,청도군,각북면,35.6843028,128.5914667
4782034000,경상북도,청도군,이서면,35.6602306,128.6728889
4782035000,경상북도,청도군,운문면,35.7125889,128.9154639
4782036000,경상북도,청도군,금천면,35.6838472,128.8948861
4782037000,경상북도,청도군,매전면,35.6640417,128.8578667
4783000000,경상북도,고령군,,35.7229861,128.2650222
4783025300,경상북도,고령군,대가야읍,35.7305417,128.2679028
4783031000,경상북도,고령군,덕곡면,35.7763472,128.2351778
4783032000,경상북도,고령군,운수면,35.7660778,128.2925972
4783033000,경상북도,고령군,성산면,35.7469194,128.3620750
4783034000,경상북도,고령군,다산면,35.8227833,128.4565333
4783035000,경상북도,고령군,개진면,35.7051917,128.3524000
4783036000,경상북도,고령군,우곡면,35.6748694,128.3441750
4783037000,경상북도,고령군,쌍림면,35.6767944,128.2440667
4784000000,경상북도,성주군,,35.9191491,128.2829915
4784025000,경상북도,성주군,성주읍,35.9190894,128.2896128
4784031000,경상북도,성주군,선남면,35.9008422,128.3517364
4784032000,경상북도,성주군,용암면,35.8362641,128.3368282
4784033000,경상북도,성주군,수륜면,35.8329496,128.1923620
4784034000,경상북도,성주군,가천면,35.8843989,128.1661841
4784035500,경상북도,성주군,금수강산면,35.9195779,128.1757824
4784036000,경상북도,성주군,대가면,35.9103196,128.2287433
4784037000,경상북도,성주군,벽진면,35.9484953,128.2164059
4784038000,경상북도,성주군,초전면,35.9745454,128.2633358
4784039000,경상북도,성주군,월항면,35.9455727,128.3157599
4785000000,경상북도,칠곡군,,35.9925472,128.4037972
4785025000,경상북도,칠곡군,왜관읍,35.9860083,128.3999000
4785025300,경상북도,칠곡군,북삼읍,36.0599056,128.3451528
4785025600,경상북도,칠곡군,석적읍,36.0483778,128.4113778
4785031000,경상북도,칠곡군,지천면,35.9531167,128.4933000
4785032000,경상북도,칠곡군,동명면,35.9810417,128.5557333
4785033000,경상북도,칠곡군,가산면,36.0829944,128.5410778
4785036000,경상북도,칠곡군,약목면,36.0298306,128.3659972
4785037000,경상북도,칠곡군,기산면,35.9834250,128.3849667
4790000000,경상북도,예천군,,36.6549500,128.4550222
4790025000,경상북도,예천군,예천읍,36.6541111,128.4558222
4790025300,경상북도,예천군,호명읍,36.5914167,128.4705556
4790031000,경상북도,예천군,용문면,36.6872833,128.4131861
4790034000,경상북도,예천군,감천면,36.7182472,128.5286750
4790035000,경상북도,예천군,보문면,36.6623889,128.5131667
4790037000,경상북도,예천군,유천면,36.6325000,128.3923111
4790038000,경상북도,예천군,용궁면,36.6057333,128.2796306
4790039000,경상북도,예천군,개포면,36.6054889,128.3687083
4790040000,경상북도,예천군,지보면,36.5453333,128.3925639
4790041000,경상북도,예천군,풍양면,36.5076583,128.3012417
4790042000,경상북도,예천군,효자면,36.7713670,128.4188500
4790043000,경상북도,예천군,은풍면,36.7451086,128.4431143
4792000000,경상북도,봉화군,,36.8902611,128.7348750
4792025000,경상북도,봉화군,봉화읍,36.8849333,128.7418778
4792031000,경상북도,봉화군,물야면,36.9722944,128.7380222
4792032000,경상북도,봉화군,봉성면,36.8830250,128.8203083
4792033000,경상북도,봉화군,법전면,36.9078861,128.8791889
4792034000,경상북도,봉화군,춘양면,36.9322417,128.9171556
4792035000,경상북도,봉화군,소천면,36.9348472,129.0054083
4792036000,경상북도,봉화군,재산면,36.8131028,128.9641000
4792037000,경상북도,봉화군,명호면,36.8559667,128.9024000
4792038000,경상북도,봉화군,상운면,36.8309417,128.7574194
4792039000,경상북도,봉화군,석포면,37.0457917,129.0674889
4793000000,경상북도,울진군,,36.9901861,129.4027861
4793025000,경상북도,울진군,울진읍,36.9943361,129.4054000
4793025300,경상북도,울진군,평해읍,36.7251500,129.4437083
4793031000,경상북도,울진군,북면,37.1020083,129.3754000
4793033000,경상북도,울진군,근남면,36.9599056,129.3968194
4793035000,경상북도,울진군,기성면,36.7952694,129.4537333
4793036000,경상북도,울진군,온정면,36.7211917,129.3476778
4793037000,경상북도,울진군,죽변면,37.0568972,129.4245750
4793038000,경상북도,울진군,후포면,36.6755667,129.4417306
4793039000,경상북도,울진군,금강송면,36.9355194,129.2471861
4793040000,경상북도,울진군,매화면,36.9131056,129.3822111
4794000000,경상북도,울릉군,,37.4805750,130.9037889
4794025000,경상북도,울릉군,울릉읍,37.4811139,130.9017556
4794031000,경상북도,울릉군,서면,37.4637694,130.8361889
4794032000,경상북도,울릉군,북면,37.5367833,130.8727528
4794033000,경상북도,울릉군,독도,37.2414386,131.8648471
4800000000,경상남도,,,35.2347361,128.6941667
4812100000,경상남도,창원시의창구,,35.2540033,128.6401544
4812125000,경상남도,창원시의창구,동읍,35.2847250,128.6825130
4812131000,경상남도,창원시의창구,북면,35.3477816,128.6070384
4812132000,경상남도,창원시의창구,대산면,35.3324270,128.7077811
4812151000,경상남도,창원시의창구,의창동,35.2621267,128.6229495
4812152000,경상남도,창원시의창구,팔룡동,35.2578111,128.6123236
4812153000,경상남도,창원시의창구,명곡동,35.2535471,128.6402341
4812154000,경상남도,창원시의창구,봉림동,35.2519644,128.6673448
4812300000,경상남도,창원시성산구,,35.1983844,128.7029401
4812351000,경상남도,창원시성산구,반송동,35.2359429,128.6695125
4812351500,경상남도,창원시성산구,용지동,35.2362277,128.6841286
4812352000,경상남도,창원시성산구,중앙동,35.2210983,128.6736950
4812353000,경상남도,창원시성산구,상남동,35.2162680,128.6872120
4812354000,경상남도,창원시성산구,사파동,35.2158430,128.7087120
4812355000,경상남도,창원시성산구,가음정동,35.2131393,128.7005940
4812356000,경상남도,창원시성산구,성주동,35.1897409,128.6950205
4812357000,경상남도,창원시성산구,웅남동,35.2053096,128.6271625
4812500000,경상남도,창원시마산합포구,,35.1968740,128.5678630
4812531000,경상남도,창원시마산합포구,구산면,35.1196990,128.5808870
4812532000,경상남도,창원시마산합포구,진동면,35.1151820,128.4883250
4812533000,경상남도,창원시마산합포구,진북면,35.1154740,128.4674120
4812534000,경상남도,창원시마산합포구,진전면,35.1028900,128.4189870
4812551000,경상남도,창원시마산합포구,현동,35.1388574,128.5770118
4812552000,경상남도,창원시마산합포구,가포동,35.1695680,128.5720500
4812553000,경상남도,창원시마산합포구,월영동,35.1793142,128.5577505
4812554000,경상남도,창원시마산합포구,문화동,35.1846850,128.5581750
4812556500,경상남도,창원시마산합포구,반월중앙동,35.1940929,128.5641375
4812557000,경상남도,창원시마산합포구,완월동,35.1995260,128.5641370
4812558000,경상남도,창원시마산합포구,자산동,35.2055381,128.5654462
4812561000,경상남도,창원시마산합포구,교방동,35.2143350,128.5662380
4812563000,경상남도,창원시마산합포구,오동동,35.2087680,128.5786000
4812564000,경상남도,창원시마산합포구,합포동,35.2109247,128.5791278
4812565000,경상남도,창원시마산합포구,산호동,35.2160999,128.5859895
4812700000,경상남도,창원시마산회원구,,35.2209320,128.5797060
4812725000,경상남도,창원시마산회원구,내서읍,35.2468100,128.5076250
4812751000,경상남도,창원시마산회원구,회원1동,35.2182626,128.5742472
4812752000,경상남도,창원시마산회원구,회원2동,35.2189010,128.5692380
4812754500,경상남도,창원시마산회원구,석전동,35.2301850,128.5733500
4812755000,경상남도,창원시마산회원구,회성동,35.2330760,128.5616370
4812756000,경상남도,창원시마산회원구,양덕1동,35.2323100,128.5862120
4812757000,경상남도,창원시마산회원구,양덕2동,35.2292010,128.5839250
4812758000,경상남도,창원시마산회원구,합성1동,35.2422167,128.5839889
4812759000,경상남도,창원시마산회원구,합성2동,35.2410453,128.5861950
4812760000,경상남도,창원시마산회원구,구암1동,35.2493833,128.5935250
4812761000,경상남도,창원시마산회원구,구암2동,35.2490100,128.5983880
4812762000,경상남도,창원시마산회원구,봉암동,35.2175954,128.6024625
4812900000,경상남도,창원시진해구,,35.1330600,128.7100810
4812953000,경상남도,창원시진해구,충무동,35.1505400,128.6603380
4812954000,경상남도,창원시진해구,여좌동,35.1585489,128.6603153
4812955000,경상남도,창원시진해구,태백동,35.1538996,128.6773763
4812956000,경상남도,창원시진해구,경화동,35.1543570,128.6868380
4812957000,경상남도,창원시진해구,병암동,35.1549830,128.6895627
4812958000,경상남도,창원시진해구,석동,35.1586454,128.7000326
4812959000,경상남도,창원시진해구,이동,35.1493421,128.6999119
4812960000,경상남도,창원시진해구,자은동,35.1470924,128.7054364
4812961000,경상남도,창원시진해구,덕산동,35.1433466,128.7037445
4812962000,경상남도,창원시진해구,풍호동,35.1375990,128.7073130
4812963000,경상남도,창원시진해구,웅천동,35.1113380,128.7496332
4812964000,경상남도,창원시진해구,웅동1동,35.1258956,128.7826923
4812965000,경상남도,창원시진해구,웅동2동,35.1012816,128.8148350
4817000000,경상남도,진주시,,35.1770333,128.1100000
4817025000,경상남도,진주시,문산읍,35.1660028,128.1665111
4817031000,경상남도,진주시,내동면,35.1623833,128.0696222
4817032000,경상남도,진주시,정촌면,35.1281306,128.1049750
4817033000,경상남도,진주시,금곡면,35.0912639,128.1900222
4817035000,경상남도,진주시,진성면,35.1819222,128.2255444
4817036000,경상남도,진주시,일반성면,35.1680306,128.2792778
4817037000,경상남도,진주시,이반성면,35.1661722,128.3285528
4817038000,경상남도,진주시,사봉면,35.1852083,128.2727111
4817039000,경상남도,진주시,지수면,35.2318944,128.2718444
4817040000,경상남도,진주시,대곡면,35.2612194,128.1715750
4817041000,경상남도,진주시,금산면,35.2109333,128.1501111
4817042000,경상남도,진주시,집현면,35.2359500,128.0885861
4817043000,경상남도,진주시,미천면,35.2961389,128.1175778
4817044000,경상남도,진주시,명석면,35.2165111,128.0425417
4817045000,경상남도,진주시,대평면,35.2296111,127.9630222
4817046000,경상남도,진주시,수곡면,35.1955861,127.9342889
4817051500,경상남도,진주시,천전동,35.1807090,128.0847860
4817055500,경상남도,진주시,성북동,35.1957420,128.0782570
4817056500,경상남도,진주시,중앙동,35.1889639,128.0884222
4817059500,경상남도,진주시,상봉동,35.1985640,128.0751110
4817067300,경상남도,진주시,상대동,35.1802170,128.1117580
4817067800,경상남도,진주시,하대동,35.1861778,128.1295750
4817068000,경상남도,진주시,상평동,35.1730861,128.1112222
4817069500,경상남도,진주시,초장동,35.1984472,128.1171778
4817071000,경상남도,진주시,평거동,35.1637900,128.0400200
4817071500,경상남도,진주시,신안동,35.1814722,128.0712000
4817072000,경상남도,진주시,이현동,35.1896917,128.0639528
4817073000,경상남도,진주시,판문동,35.1650472,128.0544667
4817074000,경상남도,진주시,가호동,35.1569444,128.1088222
4817075000,경상남도,진주시,충무공동,35.1829510,128.1358430
4822000000,경상남도,통영시,,34.8512583,128.4352778
4822025000,경상남도,통영시,산양읍,34.8003167,128.3979083
4822031000,경상남도,통영시,용남면,34.8645500,128.4445889
4822033000,경상남도,통영시,도산면,34.9000778,128.3641556
4822034000,경상남도,통영시,광도면,34.8965556,128.4092083
4822035000,경상남도,통영시,욕지면,34.6332083,128.2655778
4822036000,경상남도,통영시,한산면,34.7640111,128.5099000
4822037000,경상남도,통영시,사량면,34.8423917,128.2220889
4822051000,경상남도,통영시,도천동,34.8339194,128.4157889
4822053000,경상남도,통영시,명정동,34.8394639,128.4219528
4822055000,경상남도,통영시,중앙동,34.8434222,128.4291972
4822059000,경상남도,통영시,정량동,34.8399361,128.4324333
4822060000,경상남도,통영시,북신동,34.8539417,128.4276861
4822066500,경상남도,통영시,미수동,34.8236394,128.4005325
4822067000,경상남도,통영시,봉평동,34.8295750,128.4167556
4822070000,경상남도,통영시,무전동,34.8542500,128.4346417
4824000000,경상남도,사천시,,35.0002833,128.0667778
4824025000,경상남도,사천시,사천읍,35.0796806,128.0933556
4824031000,경상남도,사천시,정동면,35.0530083,128.1261111
4824032000,경상남도,사천시,사남면,35.0494444,128.0774083
4824033000,경상남도,사천시,용현면,35.0103528,128.0634444
4824034000,경상남도,사천시,축동면,35.1040556,128.0906111
4824035000,경상남도,사천시,곤양면,35.0544361,127.9618194
4824036000,경상남도,사천시,곤명면,35.1089194,127.9437556
4824037000,경상남도,사천시,서포면,35.0043194,127.9790750
4824051000,경상남도,사천시,동서동,34.9254444,128.0713083
4824052000,경상남도,사천시,선구동,34.9265972,128.0743111
4824053000,경상남도,사천시,동서금동,34.9278528,128.0808556
4824055000,경상남도,사천시,벌용동,34.9406250,128.0818639
4824057000,경상남도,사천시,향촌동,34.9306444,128.0956333
4824059500,경상남도,사천시,남양동,34.9664861,128.0654222
4825000000,경상남도,김해시,,35.2255056,128.8916667
4825025000,경상남도,김해시,진영읍,35.3012417,128.7355556
4825032000,경상남도,김해시,주촌면,35.2327083,128.8329083
4825033000,경상남도,김해시,진례면,35.2459556,128.7499889
4825034000,경상남도,김해시,한림면,35.3175056,128.8045083
4825035000,경상남도,김해시,생림면,35.3248833,128.8516667
4825036000,경상남도,김해시,상동면,35.3046444,128.9326972
4825037000,경상남도,김해시,대동면,35.2391972,128.9824750
4825051000,경상남도,김해시,동상동,35.2337861,128.8857333
4825052000,경상남도,김해시,회현동,35.2284917,128.8805556
4825053000,경상남도,김해시,부원동,35.2256694,128.8888222
4825054000,경상남도,김해시,내외동,35.2319500,128.8667222
4825055000,경상남도,김해시,북부동,35.2592722,128.8697528
4825056500,경상남도,김해시,칠산서부동,35.2197667,128.8732417
4825058000,경상남도,김해시,활천동,35.2258806,128.9021083
4825059000,경상남도,김해시,삼안동,35.2407611,128.9096417
4825060000,경상남도,김해시,불암동,35.2189722,128.9289861
4825061000,경상남도,김해시,장유1동,35.2012528,128.8127722
4825062000,경상남도,김해시,장유2동,35.1970917,128.7977861
4825063000,경상남도,김해시,장유3동,35.1755333,128.8113250
4827000000,경상남도,밀양시,,35.5007778,128.7489444
4827025000,경상남도,밀양시,삼랑진읍,35.3927278,128.8400000
4827025300,경상남도,밀양시,하남읍,35.3724361,128.7132889
4827031000,경상남도,밀양시,부북면,35.5082222,128.7321083
4827032000,경상남도,밀양시,상동면,35.5497833,128.7655444
4827033000,경상남도,밀양시,산외면,35.4995806,128.8170972
4827034000,경상남도,밀양시,산내면,35.5812167,128.8831111
4827035000,경상남도,밀양시,단장면,35.5121833,128.8782889
4827036000,경상남도,밀양시,상남면,35.4452694,128.7558417
4827037000,경상남도,밀양시,초동면,35.4186083,128.6751528
4827038000,경상남도,밀양시,무안면,35.4676306,128.6537417
4827039000,경상남도,밀양시,청도면,35.5458389,128.6266972
4827051000,경상남도,밀양시,내일동,35.4912806,128.7563556
4827052000,경상남도,밀양시,내이동,35.4939889,128.7484861
4827053000,경상남도,밀양시,삼문동,35.4799750,128.7552778
4827054000,경상남도,밀양시,가곡동,35.4756861,128.7667778
4827055000,경상남도,밀양시,교동,35.5079444,128.7593861
4831000000,경상남도,거제시,,34.8773583,128.6233556
4831031000,경상남도,거제시,일운면,34.8265333,128.7053333
4831032000,경상남도,거제시,동부면,34.8184083,128.6103750
4831033000,경상남도,거제시,남부면,34.7290417,128.6123333
4831034000,경상남도,거제시,거제면,34.8478833,128.5926111
4831035000,경상남도,거제시,둔덕면,34.8336389,128.5073111
4831036000,경상남도,거제시,사등면,34.9158083,128.5244750
4831037000,경상남도,거제시,연초면,34.9114500,128.6587750
4831038000,경상남도,거제시,하청면,34.9522056,128.6575778
4831039000,경상남도,거제시,장목면,34.9835111,128.6845750
4831051000,경상남도,거제시,장승포동,34.8642500,128.7294000
4831053000,경상남도,거제시,능포동,34.8761167,128.7369111
4831054000,경상남도,거제시,아주동,34.8629389,128.6943639
4831055000,경상남도,거제시,옥포1동,34.8878611,128.6948861
4831056000,경상남도,거제시,옥포2동,34.8934778,128.6905556
4831057000,경상남도,거제시,장평동,34.8895579,128.6094674
4831058000,경상남도,거제시,고현동,34.8825990,128.6233250
4831059000,경상남도,거제시,상문동,34.8680902,128.6379441
4831060000,경상남도,거제시,수양동,34.8879410,128.6462865
4833000000,경상남도,양산시,,35.3319278,129.0394111
4833025300,경상남도,양산시,물금읍,35.3080389,128.9906444
4833031000,경상남도,양산시,동면,35.3204472,129.0641417
4833032000,경상남도,양산시,원동면,35.3616278,128.9210667
4833033000,경상남도,양산시,상북면,35.4153139,129.0666667
4833034000,경상남도,양산시,하북면,35.4862333,129.0892222
4833051000,경상남도,양산시,중앙동,35.3427361,129.0432528
4833051500,경상남도,양산시,양주동,35.3364654,129.0322113
4833052000,경상남도,양산시,삼성동,35.3497583,129.0429556
4833053000,경상남도,양산시,강서동,35.3420972,129.0284222
4833054000,경상남도,양산시,서창동,35.4132167,129.1754222
4833055000,경상남도,양산시,소주동,35.4165806,129.1562000
4833056000,경상남도,양산시,평산동,35.3802611,129.1509556
4833057000,경상남도,양산시,덕계동,35.3704222,129.1522639
4872000000,경상남도,의령군,,35.3191194,128.2638222
4872025000,경상남도,의령군,의령읍,35.3180000,128.2627194
4872031000,경상남도,의령군,가례면,35.3236472,128.2474667
4872032000,경상남도,의령군,칠곡면,35.3383333,128.1947778
4872033000,경상남도,의령군,대의면,35.3688278,128.1104556
4872034000,경상남도,의령군,화정면,35.2746444,128.2130111
4872035000,경상남도,의령군,용덕면,35.3450833,128.2928194
4872036000,경상남도,의령군,정곡면,35.3775000,128.3285528
4872037000,경상남도,의령군,지정면,35.3794750,128.3882667
4872038000,경상남도,의령군,낙서면,35.4811250,128.3794333
4872039000,경상남도,의령군,부림면,35.4634167,128.3267778
4872040000,경상남도,의령군,봉수면,35.4692278,128.2683889
4872041500,경상남도,의령군,궁류면,35.4443056,128.2511417
4872042000,경상남도,의령군,유곡면,35.4302000,128.3158417
4873000000,경상남도,함안군,,35.2694056,128.4087083
4873025000,경상남도,함안군,가야읍,35.2691500,128.4104417
4873025300,경상남도,함안군,칠원읍,35.3088028,128.5185639
4873031000,경상남도,함안군,함안면,35.2390361,128.4259222
4873032000,경상남도,함안군,군북면,35.2586083,128.3472306
4873033000,경상남도,함안군,법수면,35.3124528,128.3575972
4873034000,경상남도,함안군,대산면,35.3471194,128.4337083
4873035000,경상남도,함안군,칠서면,35.3303611,128.5002861
4873036000,경상남도,함안군,칠북면,35.3435472,128.5238556
4873038000,경상남도,함안군,산인면,35.2762694,128.4264778
4873039000,경상남도,함안군,여항면,35.2071194,128.4367083
4874000000,경상남도,창녕군,,35.5415361,128.4945333
4874025000,경상남도,창녕군,창녕읍,35.5376583,128.5033556
4874025300,경상남도,창녕군,남지읍,35.3860417,128.4794333
4874031000,경상남도,창녕군,고암면,35.5733556,128.5131861
4874032000,경상남도,창녕군,성산면,35.6257167,128.4961889
4874033000,경상남도,창녕군,대합면,35.6105861,128.4742778
4874034000,경상남도,창녕군,이방면,35.5740667,128.3900306
4874035000,경상남도,창녕군,유어면,35.5050528,128.4133333
4874036000,경상남도,창녕군,대지면,35.5525194,128.4700639
4874037000,경상남도,창녕군,계성면,35.4657389,128.5152444
4874038000,경상남도,창녕군,영산면,35.4505861,128.5301528
4874039000,경상남도,창녕군,장마면,35.4551056,128.4751444
4874040000,경상남도,창녕군,도천면,35.4320278,128.5202528
4874041000,경상남도,창녕군,길곡면,35.3840194,128.5712889
4874042000,경상남도,창녕군,부곡면,35.4316889,128.6051306
4882000000,경상남도,고성군,,34.9699000,128.3245417
4882025000,경상남도,고성군,고성읍,34.9711000,128.3265333
4882031000,경상남도,고성군,삼산면,34.9336111,128.2760528
4882032000,경상남도,고성군,하일면,34.9403167,128.1946417
4882033000,경상남도,고성군,하이면,34.9255861,128.1250778
4882034000,경상남도,고성군,상리면,34.9966556,128.1885667
4882035000,경상남도,고성군,대가면,35.0142556,128.3005556
4882036000,경상남도,고성군,영현면,35.0510167,128.2076778
4882037000,경상남도,고성군,영오면,35.1047889,128.2398528
4882038000,경상남도,고성군,개천면,35.0956083,128.2610778
4882039000,경상남도,고성군,구만면,35.0847528,128.3370972
4882040000,경상남도,고성군,회화면,35.0570972,128.3755222
4882041000,경상남도,고성군,마암면,35.0520833,128.3389111
4882042000,경상남도,고성군,동해면,35.0383472,128.4232000
4882043000,경상남도,고성군,거류면,34.9886639,128.4064667
4884000000,경상남도,남해군,,34.8345583,127.8944667
4884025000,경상남도,남해군,남해읍,34.8354167,127.8959556
4884031000,경상남도,남해군,이동면,34.7963111,127.9569000
4884032000,경상남도,남해군,상주면,34.7205694,127.9878000
4884033000,경상남도,남해군,삼동면,34.8278944,128.0031444
4884034000,경상남도,남해군,미조면,34.7089889,128.0490667
4884035000,경상남도,남해군,남면,34.7683000,127.8889306
4884036000,경상남도,남해군,서면,34.8069500,127.8404639
4884037000,경상남도,남해군,고현면,34.8925750,127.8764667
4884038000,경상남도,남해군,설천면,34.9217806,127.9161750
4884039000,경상남도,남해군,창선면,34.8547111,128.0143194
4885000000,경상남도,하동군,,35.0642028,127.7534306
4885025000,경상남도,하동군,하동읍,35.0690194,127.7474194
4885031000,경상남도,하동군,화개면,35.1853083,127.6275778
4885032000,경상남도,하동군,악양면,35.1592944,127.7110861
4885033000,경상남도,하동군,적량면,35.0800778,127.7790667
4885034000,경상남도,하동군,횡천면,35.1066806,127.8161111
4885035000,경상남도,하동군,고전면,35.0190806,127.8194444
4885036000,경상남도,하동군,금남면,34.9474139,127.8611333
4885037000,경상남도,하동군,진교면,35.0274000,127.9031111
4885038000,경상남도,하동군,양보면,35.0442417,127.8479083
4885039000,경상남도,하동군,북천면,35.1115750,127.8949889
4885040000,경상남도,하동군,청암면,35.1529778,127.8021639
4885041000,경상남도,하동군,옥종면,35.1798833,127.8816972
4885042000,경상남도,하동군,금성면,34.9606944,127.7923750
4886000000,경상남도,산청군,,35.4124917,127.8756194
4886025000,경상남도,산청군,산청읍,35.4103472,127.8796222
4886031000,경상남도,산청군,차황면,35.4606528,127.9299889
4886032000,경상남도,산청군,오부면,35.4556778,127.8641333
4886033000,경상남도,산청군,생초면,35.4901083,127.8350639
4886034000,경상남도,산청군,금서면,35.4141250,127.8653333
4886035000,경상남도,산청군,삼장면,35.2951972,127.8339306
4886036000,경상남도,산청군,시천면,35.2752750,127.8428417
4886037000,경상남도,산청군,단성면,35.2958250,127.9598111
4886038000,경상남도,산청군,신안면,35.3009250,127.9752528
4886039000,경상남도,산청군,생비량면,35.3419917,128.0472639
4886040000,경상남도,산청군,신등면,35.3796806,128.0089778
4887000000,경상남도,함양군,,35.5174694,127.7274194
4887025000,경상남도,함양군,함양읍,35.5166194,127.7287972
4887031000,경상남도,함양군,마천면,35.3938944,127.6651972
4887032000,경상남도,함양군,휴천면,35.4776444,127.7523750
4887033000,경상남도,함양군,유림면,35.4631722,127.7945000
4887034000,경상남도,함양군,수동면,35.5191333,127.7899083
4887035000,경상남도,함양군,지곡면,35.5631722,127.7763889
4887036000,경상남도,함양군,안의면,35.6256333,127.8134444
4887037000,경상남도,함양군,서하면,35.6446194,127.6975556
4887038000,경상남도,함양군,서상면,35.6803694,127.6880556
4887039000,경상남도,함양군,백전면,35.5486472,127.6377861
4887040000,경상남도,함양군,병곡면,35.5254389,127.6842889
4888000000,경상남도,거창군,,35.6836250,127.9116556
4888025000,경상남도,거창군,거창읍,35.6849444,127.9060194
4888031000,경상남도,거창군,주상면,35.7466417,127.9152778
4888032000,경상남도,거창군,웅양면,35.8023667,127.9199556
4888033000,경상남도,거창군,고제면,35.8118194,127.8735861
4888034000,경상남도,거창군,북상면,35.7743944,127.8213889
4888035000,경상남도,거창군,위천면,35.7465583,127.8353083
4888036000,경상남도,거창군,마리면,35.6981778,127.8567972
4888037000,경상남도,거창군,남상면,35.6401667,127.9121889
4888038000,경상남도,거창군,남하면,35.6646833,127.9457889
4888039000,경상남도,거창군,신원면,35.5647056,127.9273000
4888040000,경상남도,거창군,가조면,35.7079694,128.0169000
4888041000,경상남도,거창군,가북면,35.7597750,127.9954639
4889000000,경상남도,합천군,,35.5636167,128.1679306
4889025000,경상남도,합천군,합천읍,35.5628833,128.1601528
4889031000,경상남도,합천군,봉산면,35.6230167,128.0440528
4889032000,경상남도,합천군,묘산면,35.6554306,128.1155556
4889033000,경상남도,합천군,가야면,35.7597000,128.1416417
4889034000,경상남도,합천군,야로면,35.7021833,128.1699083
4889035000,경상남도,합천군,율곡면,35.5693278,128.2201972
4889036000,경상남도,합천군,초계면,35.5569278,128.2675306
4889037000,경상남도,합천군,쌍책면,35.5728306,128.2843528
4889038000,경상남도,합천군,덕곡면,35.6119833,128.3614667
4889039000,경상남도,합천군,청덕면,35.5563250,128.3239778
4889040000,경상남도,합천군,적중면,35.5445444,128.2808639
4889041000,경상남도,합천군,대양면,35.5135722,128.1767083
4889042000,경상남도,합천군,쌍백면,35.4385556,128.1476444
4889043000,경상남도,합천군,삼가면,35.4113278,128.1239528
4889044000,경상남도,합천군,가회면,35.4321278,128.0358417
4889045000,경상남도,합천군,대병면,35.5182333,128.0167556
4889046000,경상남도,합천군,용주면,35.5376694,128.1155972
5000000000,제주특별자치도,,,33.4856944,126.5003333
5011000000,제주특별자치도,제주시,,33.4963111,126.5332083
5011025000,제주특별자치도,제주시,한림읍,33.4071444,126.2690861
5011025300,제주특별자치도,제주시,애월읍,33.4587389,126.3314667
5011025600,제주특별자치도,제주시,구좌읍,33.5193361,126.8540750
5011025900,제주특별자치도,제주시,조천읍,33.5311778,126.6362333
5011031000,제주특별자치도,제주시,한경면,33.3474000,126.1860194
5011032000,제주특별자치도,제주시,추자면,33.9594722,126.2961417
5011033000,제주특별자치도,제주시,우도면,33.5032556,126.9554222
5011051000,제주특별자치도,제주시,일도1동,33.5116861,126.5281861
5011052000,제주특별자치도,제주시,일도2동,33.5084778,126.5403194
5011053000,제주특별자치도,제주시,이도1동,33.5051833,126.5275889
5011054000,제주특별자치도,제주시,이도2동,33.4938583,126.5373750
5011055000,제주특별자치도,제주시,삼도1동,33.5004250,126.5203000
5011056000,제주특별자치도,제주시,삼도2동,33.5083861,126.5239111
5011057000,제주특별자치도,제주시,용담1동,33.5063472,126.5156861
5011058000,제주특별자치도,제주시,용담2동,33.5082472,126.5137333
5011059000,제주특별자치도,제주시,건입동,33.5116806,126.5337083
5011060000,제주특별자치도,제주시,화북동,33.5169722,126.5674417
5011061000,제주특별자치도,제주시,삼양동,33.5186944,126.5875306
5011062000,제주특별자치도,제주시,봉개동,33.4884556,126.5968778
5011063000,제주특별자치도,제주시,아라동,33.4730556,126.5470083
5011064000,제주특별자치도,제주시,오라동,33.4918944,126.5136194
5011065000,제주특별자치도,제주시,연동,33.4848667,126.4989306
5011066000,제주특별자치도,제주시,노형동,33.4798056,126.4791972
5011067000,제주특별자치도,제주시,외도동,33.4896028,126.4342444
5011068000,제주특별자치도,제주시,이호동,33.4965500,126.4601528
5011069000,제주특별자치도,제주시,도두동,33.4998889,126.4700889
5013000000,제주특별자치도,서귀포시,,33.2540601,126.5595500
5013025000,제주특별자치도,서귀포시,대정읍,33.2235722,126.2541750
5013025300,제주특별자치도,서귀포시,남원읍,33.2763583,126.7220889
5013025900,제주특별자치도,서귀포시,성산읍,33.4387500,126.9129417
5013031000,제주특별자치도,서귀포시,안덕면,33.2463722,126.3390667
5013032000,제주특별자치도,서귀포시,표선면,33.3238278,126.8336194
5013051000,제주특별자치도,서귀포시,송산동,33.2418056,126.5680639
5013052000,제주특별자치도,서귀포시,정방동,33.2425833,126.5672778
5013053000,제주특별자치도,서귀포시,중앙동,33.2473528,126.5670417
5013054000,제주특별자치도,서귀포시,천지동,33.2445917,126.5632889
5013055000,제주특별자치도,서귀포시,효돈동,33.2600472,126.6176222
5013056000,제주특별자치도,서귀포시,영천동,33.2655778,126.5889778
5013057000,제주특별자치도,서귀포시,동홍동,33.2630222,126.5691000
5013058000,제주특별자치도,서귀포시,서홍동,33.2606333,126.5527333
5013059000,제주특별자치도,서귀포시,대륜동,33.2447833,126.5134111
5013060000,제주특별자치도,서귀포시,대천동,33.2474750,126.4795750
5013061000,제주특별자치도,서귀포시,중문동,33.2481778,126.4367778
5013062000,제주특별자치도,서귀포시,예래동,33.2510250,126.3999083
5019000000,이어도,,,0.0000000,0.0000000
5019099000,이어도,,,0.0000000,0.0000000
5100000000,강원특별자치도,,,37.8826917,127.7319750
5111000000,강원특별자치도,춘천시,,37.8785417,127.7323111
5111025000,강원특별자치도,춘천시,신북읍,37.9231472,127.7483639
5111031000,강원특별자치도,춘천시,동면,37.9075306,127.7834444
5111032000,강원특별자치도,춘천시,동산면,37.7495333,127.7984222
5111033000,강원특별자치도,춘천시,신동면,37.8149083,127.7181667
5111034000,강원특별자치도,춘천시,남면,37.7293944,127.6019111
5111035000,강원특별자치도,춘천시,서면,37.8959833,127.6950417
5111036000,강원특별자치도,춘천시,사북면,38.0271667,127.6429639
5111038000,강원특별자치도,춘천시,북산면,37.9846056,127.8881667
5111039000,강원특별자치도,춘천시,동내면,37.8451250,127.7633083
5111040000,강원특별자치도,춘천시,남산면,37.7890833,127.6483083
5111052000,강원특별자치도,춘천시,교동,37.8778611,127.7383222
5111053000,강원특별자치도,춘천시,조운동,37.8766944,127.7324417
5111054500,강원특별자치도,춘천시,약사명동,37.8738139,127.7269194
5111057000,강원특별자치도,춘천시,근화동,37.8779972,127.7144750
5111058000,강원특별자치도,춘천시,소양동,37.8800750,127.7265750
5111060000,강원특별자치도,춘천시,후평1동,37.8822528,127.7506194
5111061000,강원특별자치도,춘천시,후평2동,37.8747944,127.7526861
5111061100,강원특별자치도,춘천시,후평3동,37.8738722,127.7559972
5111062000,강원특별자치도,춘천시,효자1동,37.8694361,127.7298194
5111063000,강원특별자치도,춘천시,효자2동,37.8696722,127.7385111
5111064000,강원특별자치도,춘천시,효자3동,37.8736222,127.7435778
5111065000,강원특별자치도,춘천시,석사동,37.8557833,127.7444667
5111066000,강원특별자치도,춘천시,퇴계동,37.8617417,127.7283083
5111067500,강원특별자치도,춘천시,강남동,37.8624861,127.7224194
5111070500,강원특별자치도,춘천시,신사우동,37.9031444,127.7301222
5113000000,강원특별자치도,원주시,,37.3390833,127.9220556
5113025000,강원특별자치도,원주시,문막읍,37.3098111,127.8194333
5113031000,강원특별자치도,원주시,소초면,37.4151417,128.0045889
5113032000,강원특별자치도,원주시,호저면,37.4082333,127.9279000
5113033000,강원특별자치도,원주시,지정면,37.3593167,127.8424333
5113035000,강원특별자치도,원주시,부론면,37.2047833,127.7526528
5113036000,강원특별자치도,원주시,귀래면,37.1671833,127.8870083
5113037000,강원특별자치도,원주시,흥업면,37.2997778,127.9233750
5113038000,강원특별자치도,원주시,판부면,37.2713306,128.0141083
5113039000,강원특별자치도,원주시,신림면,37.2278528,128.0816972
5113051500,강원특별자치도,원주시,중앙동,37.3499861,127.9496639
5113052000,강원특별자치도,원주시,원인동,37.3427611,127.9490000
5113053000,강원특별자치도,원주시,개운동,37.3374083,127.9579083
5113054100,강원특별자치도,원주시,명륜1동,37.3384056,127.9555111
5113054200,강원특별자치도,원주시,명륜2동,37.3287806,127.9461111
5113055000,강원특별자치도,원주시,단구동,37.3233528,127.9625306
5113056000,강원특별자치도,원주시,일산동,37.3468250,127.9443306
5113057500,강원특별자치도,원주시,학성동,37.3506861,127.9463778
5113059000,강원특별자치도,원주시,단계동,37.3497917,127.9366972
5113060000,강원특별자치도,원주시,우산동,37.3687417,127.9422306
5113061000,강원특별자치도,원주시,태장1동,37.3522611,127.9574889
5113062000,강원특별자치도,원주시,태장2동,37.3795194,127.9542222
5113063500,강원특별자치도,원주시,봉산동,37.3447167,127.9591750
5113065000,강원특별자치도,원주시,행구동,37.3396889,127.9860444
5113066000,강원특별자치도,원주시,무실동,37.3345611,127.9287750
5113067500,강원특별자치도,원주시,반곡관설동,37.3156778,127.9737417
5115000000,강원특별자치도,강릉시,,37.7491361,128.8784972
5115025000,강원특별자치도,강릉시,주문진읍,37.8897944,128.8293111
5115031000,강원특별자치도,강릉시,성산면,37.7159222,128.8344333
5115032000,강원특별자치도,강릉시,왕산면,37.6698556,128.8402194
5115033000,강원특별자치도,강릉시,구정면,37.7155333,128.8823861
5115034000,강원특별자치도,강릉시,강동면,37.7254000,128.9565111
5115035000,강원특별자치도,강릉시,옥계면,37.6098806,129.0402528
5115036000,강원특별자치도,강릉시,사천면,37.8207583,128.8510861
5115037000,강원특별자치도,강릉시,연곡면,37.8574306,128.8391972
5115051000,강원특별자치도,강릉시,홍제동,37.7455167,128.8859306
5115052000,강원특별자치도,강릉시,중앙동,37.7518944,128.8973000
5115054000,강원특별자치도,강릉시,옥천동,37.7573278,128.9053667
5115055000,강원특별자치도,강릉시,교1동,37.7616944,128.8803083
5115056000,강원특별자치도,강릉시,교2동,37.7599306,128.9020000
5115057100,강원특별자치도,강릉시,포남1동,37.7651306,128.9105778
5115057200,강원특별자치도,강릉시,포남2동,37.7700194,128.9156667
5115058000,강원특별자치도,강릉시,초당동,37.7891028,128.9182333
5115059000,강원특별자치도,강릉시,송정동,37.7717306,128.9298111
5115060000,강원특별자치도,강릉시,내곡동,37.7361944,128.8832528
5115061500,강원특별자치도,강릉시,강남동,37.7442100,128.9056120
5115064500,강원특별자치도,강릉시,성덕동,37.7606444,128.9159444
5115066500,강원특별자치도,강릉시,경포동,37.7810111,128.8828889
5117000000,강원특별자치도,동해시,,37.5219306,129.1166333
5117051000,강원특별자치도,동해시,천곡동,37.5200750,129.1184444
5117052000,강원특별자치도,동해시,송정동,37.4969111,129.1309306
5117053000,강원특별자치도,동해시,북삼동,37.4898639,129.1111667
5117054000,강원특별자치도,동해시,부곡동,37.5339972,129.1071972
5117055000,강원특별자치도,동해시,동호동,37.5430472,129.1025306
5117057000,강원특별자치도,동해시,발한동,37.5456389,129.1101972
5117059000,강원특별자치도,동해시,묵호동,37.5498556,129.1175639
5117060000,강원특별자치도,동해시,북평동,37.4809333,129.1273750
5117063000,강원특별자치도,동해시,망상동,37.5551444,129.1068111
5117065000,강원특별자치도,동해시,삼화동,37.4878167,129.0706667
5119000000,강원특별자치도,태백시,,37.1612278,128.9879972
5119051500,강원특별자치도,태백시,황지동,37.1679528,128.9939111
5119052500,강원특별자치도,태백시,황연동,37.1759083,128.9889528
5119053500,강원특별자치도,태백시,삼수동,37.1776250,128.9801528
5119054000,강원특별자치도,태백시,상장동,37.1505139,128.9929417
5119058500,강원특별자치도,태백시,문곡소도동,37.1286056,128.9626861
5119059500,강원특별자치도,태백시,장성동,37.0976167,129.0104750
5119060500,강원특별자치도,태백시,구문소동,37.0972250,129.0244667
5119061500,강원특별자치도,태백시,철암동,37.1143944,129.0421083
5121000000,강원특별자치도,속초시,,38.2042750,128.5941667
5121051000,강원특별자치도,속초시,영랑동,38.2208944,128.5904750
5121052000,강원특별자치도,속초시,동명동,38.2099778,128.5979306
5121054000,강원특별자치도,속초시,금호동,38.2041861,128.5904417
5121056000,강원특별자치도,속초시,교동,38.1997861,128.5848194
5121057000,강원특별자치도,속초시,노학동,38.1943056,128.5784639
5121058000,강원특별자치도,속초시,조양동,38.1848806,128.5932000
5121059000,강원특별자치도,속초시,청호동,38.1953056,128.5979417
5121060000,강원특별자치도,속초시,대포동,38.1629917,128.5592972
5123000000,강원특별자치도,삼척시,,37.4470861,129.1674889
5123025000,강원특별자치도,삼척시,도계읍,37.2335528,129.0474750
5123025300,강원특별자치도,삼척시,원덕읍,37.1735611,129.3380111
5123031000,강원특별자치도,삼척시,근덕면,37.3764361,129.2281111
5123032000,강원특별자치도,삼척시,하장면,37.3466333,128.9453083
5123033000,강원특별자치도,삼척시,노곡면,37.3449694,129.1664444
5123034000,강원특별자치도,삼척시,미로면,37.4147333,129.1147861
5123035000,강원특별자치도,삼척시,가곡면,37.1469139,129.2075306
5123036000,강원특별자치도,삼척시,신기면,37.3468667,129.0853889
5123051000,강원특별자치도,삼척시,남양동,37.4397333,129.1708083
5123053000,강원특별자치도,삼척시,교동,37.4451000,129.1669333
5123054000,강원특별자치도,삼척시,정라동,37.4332306,129.1868861
5123057000,강원특별자치도,삼척시,성내동,37.4433333,129.1652444
5172000000,강원특별자치도,홍천군,,37.6944222,127.8908417
5172025000,강원특별자치도,홍천군,홍천읍,37.6917750,127.8909222
5172031000,강원특별자치도,홍천군,화촌면,37.7681444,127.9691000
5172032000,강원특별자치도,홍천군,두촌면,37.8659139,128.0212639
5172033000,강원특별자치도,홍천군,내촌면,37.8134139,128.0891083
5172034000,강원특별자치도,홍천군,서석면,37.7107500,128.1883972
5172035200,강원특별자치도,홍천군,영귀미면,37.6752806,127.9373194
5172036000,강원특별자치도,홍천군,남면,37.6152833,127.7698111
5172037000,강원특별자치도,홍천군,서면,37.6858389,127.6662333
5172038000,강원특별자치도,홍천군,북방면,37.7027917,127.8553194
5172039000,강원특별자치도,홍천군,내면,37.7710111,128.3919750
5173000000,강원특별자치도,횡성군,,37.4889583,127.9872222
5173025000,강원특별자치도,횡성군,횡성읍,37.4895944,127.9948111
5173031000,강원특별자치도,횡성군,우천면,37.4565806,128.0646556
5173032000,강원특별자치도,횡성군,안흥면,37.4096972,128.1583083
5173033000,강원특별자치도,횡성군,둔내면,37.5094361,128.2210111
5173034000,강원특별자치도,횡성군,갑천면,37.5581722,128.1124000
5173035000,강원특별자치도,횡성군,청일면,37.5809250,128.1525972
5173036000,강원특별자치도,횡성군,공근면,37.5336667,127.9639306
5173037000,강원특별자치도,횡성군,서원면,37.4842750,127.8527111
5173038000,강원특별자치도,횡성군,강림면,37.3574222,128.1276306
5175000000,강원특별자치도,영월군,,37.1808611,128.4640194
5175025000,강원특별자치도,영월군,영월읍,37.1845861,128.4683639
5175025300,강원특별자치도,영월군,상동읍,37.1242556,128.8291972
5175031200,강원특별자치도,영월군,산솔면,37.1452860,128.6804858
5175032500,강원특별자치도,영월군,김삿갓면,37.1256320,128.5701120
5175033000,강원특별자치도,영월군,북면,37.2516444,128.4574333
5175034000,강원특별자치도,영월군,남면,37.1837444,128.4066972
5175035500,강원특별자치도,영월군,한반도면,37.2367930,128.3283870
5175036000,강원특별자치도,영월군,주천면,37.2694222,128.2711333
5175038000,강원특별자치도,영월군,무릉도원면,37.2855056,128.2708417
5176000000,강원특별자치도,평창군,,37.3679167,128.3923528
5176025000,강원특별자치도,평창군,평창읍,37.3660444,128.3995083
5176031000,강원특별자치도,평창군,미탄면,37.3391861,128.4980444
5176032000,강원특별자치도,평창군,방림면,37.4236306,128.3964861
5176033000,강원특별자치도,평창군,대화면,37.4980750,128.4603194
5176034000,강원특별자치도,평창군,봉평면,37.6133889,128.3817778
5176035000,강원특별자치도,평창군,용평면,37.6038917,128.4424194
5176036000,강원특별자치도,평창군,진부면,37.6345750,128.5554000
5176038000,강원특별자치도,평창군,대관령면,37.6709222,128.7084306
5177000000,강원특별자치도,정선군,,37.3778083,128.6630861
5177025000,강원특별자치도,정선군,정선읍,37.3769556,128.6639306
5177025300,강원특별자치도,정선군,고한읍,37.2056889,128.8455111
5177025600,강원특별자치도,정선군,사북읍,37.2249000,128.8240750
5177025900,강원특별자치도,정선군,신동읍,37.2093361,128.6443639
5177032000,강원특별자치도,정선군,남면,37.2659667,128.7428750
5177034000,강원특별자치도,정선군,북평면,37.4460361,128.6726972
5177035000,강원특별자치도,정선군,임계면,37.4919833,128.8544000
5177036000,강원특별자치도,정선군,화암면,37.3401817,128.7879137
5177037000,강원특별자치도,정선군,여량면,37.4706856,128.7205522
5178000000,강원특별자치도,철원군,,38.1440556,127.3157333
5178025000,강원특별자치도,철원군,철원읍,38.2094444,127.2148861
5178025300,강원특별자치도,철원군,김화읍,38.2470139,127.4236111
5178025600,강원특별자치도,철원군,갈말읍,38.1449500,127.3104306
5178025900,강원특별자치도,철원군,동송읍,38.2044722,127.2103333
5178031000,강원특별자치도,철원군,서면,38.1618806,127.4179417
5178032000,강원특별자치도,철원군,근남면,38.2342028,127.4733000
5178033000,강원특별자치도,철원군,근북면,38.3096917,127.4087222
5178034000,강원특별자치도,철원군,근동면,38.3041667,127.5401111
5178035000,강원특별자치도,철원군,원동면,38.3045833,127.7540194
5178036000,강원특별자치도,철원군,원남면,38.2993611,127.6356111
5178037000,강원특별자치도,철원군,임남면,38.2919139,127.8562417
5179000000,강원특별자치도,화천군,,38.1034083,127.7103556
5179025000,강원특별자치도,화천군,화천읍,38.1015639,127.7092778
5179031000,강원특별자치도,화천군,간동면,38.0524944,127.7921778
5179032000,강원특별자치도,화천군,하남면,38.0560694,127.6700222
5179033000,강원특별자치도,화천군,상서면,38.1550806,127.6566333
5179034000,강원특별자치도,화천군,사내면,38.0674139,127.5255444
5180000000,강원특별자치도,양구군,,38.1072917,127.9922444
5180025000,강원특별자치도,양구군,양구읍,38.1052000,127.9928194
5180031500,강원특별자치도,양구군,국토정중앙면,38.1084879,128.0323840
5180032000,강원특별자치도,양구군,동면,38.1996750,128.0458000
5180033000,강원특별자치도,양구군,방산면,38.2063056,127.9517222
5180034000,강원특별자치도,양구군,해안면,38.2825111,128.1393778
5181000000,강원특별자치도,인제군,,38.0669722,128.1726972
5181025000,강원특별자치도,인제군,인제읍,38.0675889,128.1744000
5181031000,강원특별자치도,인제군,남면,37.9631556,128.0856111
5181032000,강원특별자치도,인제군,북면,38.1218778,128.2064111
5181033000,강원특별자치도,인제군,기린면,37.9528417,128.3215000
5181034000,강원특별자치도,인제군,서화면,38.2156611,128.2107667
5181035000,강원특별자치도,인제군,상남면,37.8713556,128.2622222
5182000000,강원특별자치도,고성군,,38.3779611,128.4701639
5182025000,강원특별자치도,고성군,간성읍,38.3755944,128.4691972
5182025300,강원특별자치도,고성군,거진읍,38.4335083,128.4547528
5182031000,강원특별자치도,고성군,현내면,38.4916444,128.4298444
5182032000,강원특별자치도,고성군,죽왕면,38.3260944,128.5278667
5182033000,강원특별자치도,고성군,토성면,38.2544750,128.5609778
5182034000,강원특별자치도,고성군,수동면,38.4228861,128.2849083
5183000000,강원특별자치도,양양군,,38.0728333,128.6213556
5183025000,강원특별자치도,양양군,양양읍,38.0778222,128.6262972
5183031000,강원특별자치도,양양군,서면,38.0686833,128.5876528
5183032000,강원특별자치도,양양군,손양면,38.0577972,128.6432667
5183033000,강원특별자치도,양양군,현북면,38.0162694,128.7253194
5183034000,강원특별자치도,양양군,현남면,37.9664083,128.7616083
5183035000,강원특별자치도,양양군,강현면,38.1472417,128.6098000
5200000000,전북특별자치도,,,35.8172750,127.1110528
5211100000,전북특별자치도,전주시완산구,,35.8091889,127.1219194
5211151000,전북특별자치도,전주시완산구,중앙동,35.8205389,127.1427111
5211153000,전북특별자치도,전주시완산구,풍남동,35.8140278,127.1501861
5211160500,전북특별자치도,전주시완산구,노송동,35.8214278,127.1604417
5211163500,전북특별자치도,전주시완산구,완산동,35.8061889,127.1369444
5211165000,전북특별자치도,전주시완산구,동서학동,35.8065194,127.1543306
5211166000,전북특별자치도,전주시완산구,서서학동,35.8027778,127.1507083
5211167100,전북특별자치도,전주시완산구,중화산1동,35.8116111,127.1269111
5211167200,전북특별자치도,전주시완산구,중화산2동,35.8186472,127.1184222
5211168000,전북특별자치도,전주시완산구,서신동,35.8278472,127.1175778
5211169100,전북특별자치도,전주시완산구,평화1동,35.7950917,127.1425556
5211169200,전북특별자치도,전주시완산구,평화2동,35.7838889,127.1366667
5211170100,전북특별자치도,전주시완산구,삼천1동,35.7977167,127.1240000
5211170200,전북특별자치도,전주시완산구,삼천2동,35.7933722,127.1244444
5211170300,전북특별자치도,전주시완산구,삼천3동,35.7939194,127.1164194
5211171100,전북특별자치도,전주시완산구,효자1동,35.8028694,127.1321222
5211171200,전북특별자치도,전주시완산구,효자2동,35.8039333,127.1216972
5211171300,전북특별자치도,전주시완산구,효자3동,35.8035806,127.1123861
5211171400,전북특별자치도,전주시완산구,효자4동,35.8039360,127.0978820
5211173000,전북특별자치도,전주시완산구,효자5동,35.8096889,127.1123861
5211300000,전북특별자치도,전주시덕진구,,35.8263861,127.1364194
5211352500,전북특별자치도,전주시덕진구,진북동,35.8249667,127.1335306
5211354000,전북특별자치도,전주시덕진구,인후1동,35.8344639,127.1587750
5211355000,전북특별자치도,전주시덕진구,인후2동,35.8369194,127.1483333
5211356000,전북특별자치도,전주시덕진구,인후3동,35.8250583,127.1633972
5211357000,전북특별자치도,전주시덕진구,덕진동,35.8423667,127.1227778
5211357500,전북특별자치도,전주시덕진구,금암동,35.8347420,127.1331100
5211360000,전북특별자치도,전주시덕진구,팔복동,35.8506444,127.1083556
5211361100,전북특별자치도,전주시덕진구,우아1동,35.8468722,127.1616556
5211361200,전북특별자치도,전주시덕진구,우아2동,35.8347611,127.1691333
5211362000,전북특별자치도,전주시덕진구,호성동,35.8606472,127.1517556
5211364100,전북특별자치도,전주시덕진구,송천1동,35.8541667,127.1229417
5211364200,전북특별자치도,전주시덕진구,송천2동,35.8580528,127.1220417
5211364300,전북특별자치도,전주시덕진구,송천3동,35.8753446,127.1303521
5211365000,전북특별자치도,전주시덕진구,조촌동,35.8721667,127.0782528
5211366500,전북특별자치도,전주시덕진구,여의동,35.8710518,127.0722620
5211367000,전북특별자치도,전주시덕진구,혁신동,35.8374330,127.0614480
5213000000,전북특별자치도,군산시,,35.9646417,126.7388444
5213025000,전북특별자치도,군산시,옥구읍,35.9199750,126.6872639
5213031000,전북특별자치도,군산시,옥산면,35.9365167,126.7504222
5213032000,전북특별자치도,군산시,회현면,35.9101167,126.7590000
5213033000,전북특별자치도,군산시,임피면,35.9795056,126.8525972
5213034000,전북특별자치도,군산시,서수면,35.9802972,126.8778417
5213035000,전북특별자치도,군산시,대야면,35.9436167,126.8137417
5213036000,전북특별자치도,군산시,개정면,35.9554250,126.7985306
5213037000,전북특별자치도,군산시,성산면,35.9866861,126.7881333
5213038000,전북특별자치도,군산시,나포면,36.0245667,126.8352667
5213039000,전북특별자치도,군산시,옥도면,36.1165806,125.9790528
5213040000,전북특별자치도,군산시,옥서면,35.9214417,126.6470556
5213051500,전북특별자치도,군산시,해신동,35.9867639,126.7090750
5213053000,전북특별자치도,군산시,월명동,35.9873972,126.7117639
5213055000,전북특별자치도,군산시,신풍동,35.9699222,126.7028333
5213056000,전북특별자치도,군산시,삼학동,35.9722361,126.7134306
5213060500,전북특별자치도,군산시,중앙동,35.9825917,126.7205778
5213064000,전북특별자치도,군산시,흥남동,35.9725361,126.7187417
5213065000,전북특별자치도,군산시,조촌동,35.9700917,126.7401306
5213066000,전북특별자치도,군산시,경암동,35.9766361,126.7319333
5213067000,전북특별자치도,군산시,구암동,35.9827444,126.7461194
5213068000,전북특별자치도,군산시,개정동,35.9614472,126.7565194
5213069000,전북특별자치도,군산시,수송동,35.9624917,126.7158222
5213070100,전북특별자치도,군산시,나운1동,35.9638028,126.6968639
5213070200,전북특별자치도,군산시,나운2동,35.9619194,126.7017556
5213070300,전북특별자치도,군산시,나운3동,35.9558250,126.6913556
5213071000,전북특별자치도,군산시,소룡동,35.9713500,126.6813083
5213072000,전북특별자치도,군산시,미성동,35.9563639,126.6587750
5214000000,전북특별자치도,익산시,,35.9452750,126.9598528
5214025000,전북특별자치도,익산시,함열읍,36.0716583,126.9666889
5214031000,전북특별자치도,익산시,오산면,35.9357333,126.9182750
5214032000,전북특별자치도,익산시,황등면,36.0014639,126.9470556
5214033000,전북특별자치도,익산시,함라면,36.0570333,126.9124889
5214034000,전북특별자치도,익산시,웅포면,36.0614806,126.8790194
5214035000,전북특별자치도,익산시,성당면,36.0853250,126.9371222
5214036000,전북특별자치도,익산시,용안면,36.1170667,126.9544000
5214037000,전북특별자치도,익산시,낭산면,36.0751000,127.0120000
5214038000,전북특별자치도,익산시,망성면,36.1296528,127.0226528
5214039000,전북특별자치도,익산시,여산면,36.0557306,127.0881111
5214040000,전북특별자치도,익산시,금마면,35.9900694,127.0550889
5214041000,전북특별자치도,익산시,왕궁면,35.9633917,127.0899556
5214042000,전북특별자치도,익산시,춘포면,35.8977139,127.0073444
5214043000,전북특별자치도,익산시,삼기면,36.0173444,126.9861750
5214044000,전북특별자치도,익산시,용동면,36.1069667,126.9951306
5214052000,전북특별자치도,익산시,중앙동,35.9367972,126.9544444
5214053000,전북특별자치도,익산시,평화동,35.9292278,126.9475306
5214056000,전북특별자치도,익산시,인화동,35.9265111,126.9557000
5214057000,전북특별자치도,익산시,동산동,35.9266806,126.9630556
5214058000,전북특별자치도,익산시,마동,35.9349139,126.9604306
5214059500,전북특별자치도,익산시,남중동,35.9481083,126.9611667
5214061000,전북특별자치도,익산시,모현동,35.9451694,126.9474889
5214062000,전북특별자치도,익산시,송학동,35.9353306,126.9429972
5214064600,전북특별자치도,익산시,영등1동,35.9493833,126.9746556
5214064700,전북특별자치도,익산시,영등2동,35.9572361,126.9790861
5214065200,전북특별자치도,익산시,어양동,35.9523528,126.9864778
5214065600,전북특별자치도,익산시,신동,35.9568417,126.9633889
5214067000,전북특별자치도,익산시,팔봉동,35.9634083,127.0157889
5214069000,전북특별자치도,익산시,삼성동,35.9597306,126.9915528
5218000000,전북특별자치도,정읍시,,35.5668722,126.8581111
5218025000,전북특별자치도,정읍시,신태인읍,35.6851444,126.8887417
5218031000,전북특별자치도,정읍시,북면,35.6062250,126.8943306
5218032000,전북특별자치도,정읍시,입암면,35.5007778,126.7953083
5218033000,전북특별자치도,정읍시,소성면,35.5538472,126.7853083
5218034000,전북특별자치도,정읍시,고부면,35.6155528,126.7737972
5218035000,전북특별자치도,정읍시,영원면,35.6520972,126.7873750
5218036000,전북특별자치도,정읍시,덕천면,35.6156000,126.8446778
5218037000,전북특별자치도,정읍시,이평면,35.6619111,126.8402444
5218038000,전북특별자치도,정읍시,정우면,35.6418583,126.8779750
5218039000,전북특별자치도,정읍시,태인면,35.6476833,126.9346306
5218040000,전북특별자치도,정읍시,감곡면,35.7118667,126.9305861
5218041000,전북특별자치도,정읍시,옹동면,35.6404694,126.9766000
5218042000,전북특별자치도,정읍시,칠보면,35.5996222,126.9956667
5218043000,전북특별자치도,정읍시,산내면,35.5652667,127.0323194
5218044000,전북특별자치도,정읍시,산외면,35.6184417,127.0441889
5218051000,전북특별자치도,정읍시,수성동,35.5661639,126.8553750
5218052000,전북특별자치도,정읍시,장명동,35.5645972,126.8587083
5218053500,전북특별자치도,정읍시,내장상동,35.5543722,126.8708639
5218054500,전북특별자치도,정읍시,시기동,35.5627556,126.8511417
5218056500,전북특별자치도,정읍시,초산동,35.5619058,126.8524522
5218057000,전북특별자치도,정읍시,연지동,35.5653528,126.8474194
5218058000,전북특별자치도,정읍시,농소동,35.5802694,126.8305111
5218059500,전북특별자치도,정읍시,상교동,35.5470722,126.8398333
5219000000,전북특별자치도,남원시,,35.4132556,127.3925000
5219025000,전북특별자치도,남원시,운봉읍,35.4367278,127.5310528
5219031000,전북특별자치도,남원시,주천면,35.3878056,127.4440667
5219032000,전북특별자치도,남원시,수지면,35.3362417,127.3736417
5219033000,전북특별자치도,남원시,송동면,35.3516278,127.3392556
5219034000,전북특별자치도,남원시,주생면,35.3757833,127.3236667
5219035000,전북특별자치도,남원시,금지면,35.3545361,127.3060194
5219036000,전북특별자치도,남원시,대강면,35.3442583,127.2298861
5219037000,전북특별자치도,남원시,대산면,35.4290500,127.3273000
5219038000,전북특별자치도,남원시,사매면,35.4954917,127.3626111
5219039000,전북특별자치도,남원시,덕과면,35.5141028,127.3542083
5219040000,전북특별자치도,남원시,보절면,35.5100750,127.4044861
5219041000,전북특별자치도,남원시,산동면,35.4896528,127.4783333
5219042000,전북특별자치도,남원시,이백면,35.4238194,127.4600639
5219045000,전북특별자치도,남원시,아영면,35.5055750,127.6150306
5219046000,전북특별자치도,남원시,산내면,35.4161500,127.6253667
5219047000,전북특별자치도,남원시,인월면,35.4613333,127.6022861
5219051000,전북특별자치도,남원시,동충동,35.4079694,127.3850972
5219052000,전북특별자치도,남원시,죽항동,35.4045278,127.3866667
5219054000,전북특별자치도,남원시,노암동,35.3965361,127.3823444
5219055000,전북특별자치도,남원시,금동,35.3994444,127.3774889
5219056000,전북특별자치도,남원시,왕정동,35.4051972,127.3718639
5219057000,전북특별자치도,남원시,향교동,35.4140194,127.3829083
5219059000,전북특별자치도,남원시,도통동,35.4167972,127.4021972
5221000000,전북특별자치도,김제시,,35.8005750,126.8827528
5221025000,전북특별자치도,김제시,만경읍,35.8513722,126.8220083
5221032000,전북특별자치도,김제시,죽산면,35.7694417,126.8158222
5221033000,전북특별자치도,김제시,백산면,35.8249750,126.8943444
5221034000,전북특별자치도,김제시,용지면,35.8506917,126.9576778
5221035000,전북특별자치도,김제시,백구면,35.8877083,126.9696083
5221036000,전북특별자치도,김제시,부량면,35.7309417,126.8460194
5221038000,전북특별자치도,김제시,공덕면,35.8892972,126.9150083
5221039000,전북특별자치도,김제시,청하면,35.9003917,126.8428000
5221040000,전북특별자치도,김제시,성덕면,35.8175306,126.8079306
5221041000,전북특별자치도,김제시,진봉면,35.8560111,126.7681528
5221042000,전북특별자치도,김제시,금구면,35.7714028,127.0133556
5221043000,전북특별자치도,김제시,봉남면,35.7505611,126.9643528
5221044000,전북특별자치도,김제시,황산면,35.7915556,126.9443778
5221045000,전북특별자치도,김제시,금산면,35.7135722,126.9982667
5221046000,전북특별자치도,김제시,광활면,35.8307556,126.7438639
5221051000,전북특별자치도,김제시,요촌동,35.8021667,126.8935111
5221052000,전북특별자치도,김제시,신풍동,35.7930083,126.8999556
5221054000,전북특별자치도,김제시,검산동,35.8044500,126.9137333
5221058000,전북특별자치도,김제시,교월동,35.7994310,126.8768110
5271000000,전북특별자치도,완주군,,35.8429694,127.1495972
5271025000,전북특별자치도,완주군,삼례읍,35.9064944,127.0737972
5271025300,전북특별자치도,완주군,봉동읍,35.9342556,127.1643778
5271025600,전북특별자치도,완주군,용진읍,35.8773667,127.1584111
5271032000,전북특별자치도,완주군,상관면,35.7639722,127.2127528
5271033000,전북특별자치도,완주군,이서면,35.8176389,127.0246639
5271034000,전북특별자치도,완주군,소양면,35.8530083,127.2354000
5271035000,전북특별자치도,완주군,구이면,35.7289111,127.1230222
5271036000,전북특별자치도,완주군,고산면,35.9735167,127.2071972
5271037000,전북특별자치도,완주군,비봉면,35.9929222,127.1421972
5271038000,전북특별자치도,완주군,운주면,36.0895139,127.2795083
5271039000,전북특별자치도,완주군,화산면,36.0326778,127.2055306
5271040000,전북특별자치도,완주군,동상면,35.9338806,127.2988556
5271041000,전북특별자치도,완주군,경천면,36.0195611,127.2547528
5272000000,전북특별자치도,진안군,,35.7887194,127.4269667
5272025000,전북특별자치도,진안군,진안읍,35.7862806,127.4253000
5272031000,전북특별자치도,진안군,용담면,35.9637111,127.5222444
5272032000,전북특별자치도,진안군,안천면,35.8941556,127.5549417
5272033000,전북특별자치도,진안군,동향면,35.8351778,127.5700639
5272034000,전북특별자치도,진안군,상전면,35.8199361,127.4892306
5272035000,전북특별자치도,진안군,백운면,35.6895056,127.4000000
5272036000,전북특별자치도,진안군,성수면,35.7055333,127.3255972
5272037000,전북특별자치도,진안군,마령면,35.7313556,127.3729222
5272038000,전북특별자치도,진안군,부귀면,35.8340333,127.3628083
5272039000,전북특별자치도,진안군,정천면,35.8701306,127.4307194
5272040000,전북특별자치도,진안군,주천면,35.9722444,127.4278000
5273000000,전북특별자치도,무주군,,36.0038278,127.6628667
5273025000,전북특별자치도,무주군,무주읍,36.0057611,127.6644111
5273031000,전북특별자치도,무주군,무풍면,35.9669417,127.8466889
5273032000,전북특별자치도,무주군,설천면,36.0051528,127.7917083
5273033000,전북특별자치도,무주군,적상면,35.9424917,127.6615750
5273034000,전북특별자치도,무주군,안성면,35.8604306,127.6551778
5273035000,전북특별자치도,무주군,부남면,35.9708389,127.5609222
5274000000,전북특별자치도,장수군,,35.6442972,127.5233000
5274025000,전북특별자치도,장수군,장수읍,35.6511472,127.5218194
5274031000,전북특별자치도,장수군,산서면,35.5810167,127.3983972
5274032000,전북특별자치도,장수군,번암면,35.5289778,127.5459861
5274033500,전북특별자치도,장수군,장계면,35.7289111,127.5910194
5274034000,전북특별자치도,장수군,천천면,35.7304750,127.5346083
5274035000,전북특별자치도,장수군,계남면,35.6999139,127.5798667
5274036000,전북특별자치도,장수군,계북면,35.7825083,127.6146222
5275000000,전북특별자치도,임실군,,35.6080639,127.2847528
5275025000,전북특별자치도,임실군,임실읍,35.6104306,127.2813444
5275031000,전북특별자치도,임실군,청웅면,35.5667639,127.2034222
5275032000,전북특별자치도,임실군,운암면,35.6605750,127.1576778
5275033000,전북특별자치도,임실군,신평면,35.6540500,127.2260194
5275034000,전북특별자치도,임실군,성수면,35.6268806,127.3352194
5275035500,전북특별자치도,임실군,오수면,35.5382861,127.3290000
5275036000,전북특별자치도,임실군,신덕면,35.6809417,127.1804000
5275037000,전북특별자치도,임실군,삼계면,35.5046194,127.2765111
5275038000,전북특별자치도,임실군,관촌면,35.6707778,127.2729083
5275039000,전북특별자치도,임실군,강진면,35.5272611,127.1657000
5275040000,전북특별자치도,임실군,덕치면,35.5070833,127.1593306
5275041000,전북특별자치도,임실군,지사면,35.5608556,127.3596556
5277000000,전북특별자치도,순창군,,35.3713889,127.1396306
5277025000,전북특별자치도,순창군,순창읍,35.3739028,127.1491083
5277031000,전북특별자치도,순창군,인계면,35.4088250,127.1433417
5277032000,전북특별자치도,순창군,동계면,35.4385167,127.2443639
5277033000,전북특별자치도,순창군,풍산면,35.3342194,127.1406778
5277034000,전북특별자치도,순창군,금과면,35.3365722,127.0885111
5277035000,전북특별자치도,순창군,팔덕면,35.3885417,127.0991667
5277036000,전북특별자치도,순창군,쌍치면,35.4975278,127.0034444
5277037000,전북특별자치도,순창군,복흥면,35.4291194,126.9318111
5277038000,전북특별자치도,순창군,적성면,35.3944806,127.2106528
5277039000,전북특별자치도,순창군,유등면,35.3582639,127.1895222
5277040000,전북특별자치도,순창군,구림면,35.4499083,127.1044444
5279000000,전북특별자치도,고창군,,35.4327389,126.7041083
5279025000,전북특별자치도,고창군,고창읍,35.4313861,126.7050889
5279031000,전북특별자치도,고창군,고수면,35.4068889,126.6807194
5279032000,전북특별자치도,고창군,아산면,35.4367972,126.6368861
5279033000,전북특별자치도,고창군,무장면,35.4162028,126.5627528
5279034000,전북특별자치도,고창군,공음면,35.3747222,126.5136667
5279035000,전북특별자치도,고창군,상하면,35.4414861,126.4972306
5279036000,전북특별자치도,고창군,해리면,35.4578833,126.5411528
5279037000,전북특별자치도,고창군,성송면,35.3613250,126.6486889
5279038000,전북특별자치도,고창군,대산면,35.3380056,126.6054972
5279039000,전북특별자치도,고창군,심원면,35.5212861,126.5531194
5279040000,전북특별자치도,고창군,흥덕면,35.5147806,126.7056778
5279041000,전북특별자치도,고창군,성내면,35.5349139,126.7454222
5279042000,전북특별자치도,고창군,신림면,35.4860250,126.7141972
5279043000,전북특별자치도,고창군,부안면,35.5111778,126.6761333
5280000000,전북특별자치도,부안군,,35.7285333,126.7356778
5280025000,전북특별자치도,부안군,부안읍,35.7266972,126.7390194
5280031000,전북특별자치도,부안군,주산면,35.6688944,126.7130972
5280032000,전북특별자치도,부안군,동진면,35.7466194,126.7408639
5280033000,전북특별자치도,부안군,행안면,35.7231778,126.7259222
5280034000,전북특별자치도,부안군,계화면,35.7587000,126.7001222
5280035000,전북특별자치도,부안군,보안면,35.6090667,126.6733889
5280036000,전북특별자치도,부안군,변산면,35.6605306,126.5304889
5280037000,전북특별자치도,부안군,진서면,35.5846583,126.6074556
5280038000,전북특별자치도,부안군,백산면,35.7009778,126.7886889
5280039000,전북특별자치도,부안군,상서면,35.6833944,126.6800972
5280040000,전북특별자치도,부안군,하서면,35.7124750,126.6640417
5280041000,전북특별자치도,부안군,줄포면,35.5873139,126.6796083
5280042000,전북특별자치도,부안군,위도면,35.5997667,126.2950972
